,Date,Curve,Curve-ETH,Daily % Change,Cumulative Sum %,Non ETH Curve TVL
0,2020-09-02,1163733.16355564,1163733.16355564,,,0.0
1,2020-10-02,1372109.5210558,1372109.5210558,0.17905853680709094,0.17905853680709094,0.0
2,2020-11-02,960753.411968664,960753.411968664,-0.2997983052917007,-0.12073976848460977,0.0
3,2020-12-02,1006407.95489263,1006407.95489263,0.04751952202846299,-0.07322024645614678,0.0
4,2020-02-13,1258776.40848647,1258776.40848647,0.2507615846704674,0.1775413382143206,0.0
5,2020-02-14,1615312.16568682,1615312.16568682,0.2832399422142349,0.4607812804285555,0.0
6,2020-02-15,1777653.62813594,1777653.62813594,0.10050160327994173,0.5612828837084972,0.0
7,2020-02-16,1784501.20709072,1784501.20709072,0.003852032165546415,0.5651349158740436,0.0
8,2020-02-17,1853352.94127845,1853352.94127845,0.03858318162753127,0.6037180975015749,0.0
9,2020-02-18,1769284.85667849,1769284.85667849,-0.045359997401233976,0.5583581001003409,0.0
10,2020-02-19,1855595.55001004,1855595.55001004,0.04878281357903136,0.6071409136793723,0.0
11,2020-02-20,1884234.46994978,1884234.46994978,0.015433815811632723,0.622574729491005,0.0
12,2020-02-21,1784691.77866837,1784691.77866837,-0.052829248625338554,0.5697454808656665,0.0
13,2020-02-22,1606294.2748156,1606294.2748156,-0.09995983955609389,0.46978564130957257,0.0
14,2020-02-23,1344604.79044729,1344604.79044729,-0.16291503273791563,0.30687060857165693,0.0
15,2020-02-24,1154323.29118512,1154323.29118512,-0.14151481581355363,0.1653557927581033,0.0
16,2020-02-25,1087608.48708343,1087608.48708343,-0.05779559730896122,0.10756019544914208,0.0
17,2020-02-26,1091406.83091306,1091406.83091306,0.0034923815644505307,0.11105257701359261,0.0
18,2020-02-27,792908.587986429,792908.587986429,-0.2734986024202455,-0.16244602540665287,0.0
19,2020-02-28,822155.818535896,822155.818535896,0.03688600551513721,-0.12556001989151566,0.0
20,2020-02-29,808999.344292997,808999.344292997,-0.016002409696896813,-0.14156242958841248,0.0
21,2020-01-03,816678.293022887,816678.293022887,0.009491909708036594,-0.13207051988037588,0.0
22,2020-02-03,836871.451296712,836871.451296712,0.024725964246069543,-0.10734455563430634,0.0
23,2020-03-03,763696.540099045,763696.540099045,-0.08743865152083308,-0.19478320715513942,0.0
24,2020-04-03,774084.355382474,774084.355382474,0.013602019569293633,-0.18118118758584578,0.0
25,2020-05-03,643956.668923337,643956.668923337,-0.16810530474400442,-0.3492864923298502,0.0
26,2020-06-03,646412.86203579,646412.86203579,0.0038142210974529966,-0.3454722712323972,0.0
27,2020-07-03,643645.623670492,643645.623670492,-0.004280914764881016,-0.3497531859972782,0.0
28,2020-08-03,690213.514859696,690213.514859696,0.0723502024664493,-0.27740298353082893,0.0
29,2020-09-03,647684.732820534,647684.732820534,-0.0616168491684882,-0.3390198326993171,0.0
30,2020-10-03,666464.060328655,666464.060328655,0.028994550213250925,-0.3100252824860662,0.0
31,2020-11-03,672562.81626514,672562.81626514,0.009150914954780154,-0.30087436753128605,0.0
32,2020-12-03,626287.430273526,626287.430273526,-0.06880455605409375,-0.3696789235853798,0.0
33,2020-03-13,559463.388683158,559463.388683158,-0.10669867916905684,-0.47637760275443664,0.0
34,2020-03-14,649613.006610338,649613.006610338,0.1611358665298377,-0.31524173622459895,0.0
35,2020-03-15,699537.964074468,699537.964074468,0.07685338340843417,-0.23838835281616477,0.0
36,2020-03-16,898455.348789306,898455.348789306,0.2843553815953621,0.04596702877919734,0.0
37,2020-03-17,866183.521451548,866183.521451548,-0.035919233361173974,0.010047795418023364,0.0
38,2020-03-18,1152787.67581125,1152787.67581125,0.3308815594637631,0.34092935488178644,0.0
39,2020-03-19,1184322.71143313,1184322.71143313,0.02735545867081557,0.368284813552602,0.0
40,2020-03-20,1357905.80237453,1357905.80237453,0.1465673918651358,0.5148522054177378,0.0
41,2020-03-21,1333468.9907311,1333468.9907311,-0.017995954948198833,0.49685625046953896,0.0
42,2020-03-22,1233180.68355628,1233180.68355628,-0.0752085784310852,0.42164767203845377,0.0
43,2020-03-23,1192763.78227081,1192763.78227081,-0.032774517006635695,0.3888731550318181,0.0
44,2020-03-24,1202677.64293786,1202677.64293786,0.008311671442752688,0.39718482647457076,0.0
45,2020-03-25,1193981.35911917,1193981.35911917,-0.007230768668358145,0.3899540578062126,0.0
46,2020-03-26,1157538.46753287,1157538.46753287,-0.03052216126153351,0.3594318965446791,0.0
47,2020-03-27,1145274.83406914,1145274.83406914,-0.010594579625390788,0.3488373169192883,0.0
48,2020-03-28,1114547.41962146,1114547.41962146,-0.026829729889817133,0.3220075870294712,0.0
49,2020-03-29,1120114.60967289,1120114.60967289,0.004995023050092362,0.32700261007956355,0.0
50,2020-03-30,1134273.62209819,1134273.62209819,0.012640681857934988,0.33964329193749854,0.0
51,2020-03-31,1116740.35850452,1116740.35850452,-0.015457701961927639,0.3241855899755709,0.0
52,2020-01-04,1127866.1168496,1127866.1168496,0.009962708216240346,0.33414829819181124,0.0
53,2020-02-04,1131196.68137779,1131196.68137779,0.0029529786190340968,0.33710127681084534,0.0
54,2020-03-04,1125472.19547216,1125472.19547216,-0.005060557549247502,0.33204071926159784,0.0
55,2020-04-04,1110240.24562534,1110240.24562534,-0.013533830429662275,0.31850688883193556,0.0
56,2020-05-04,1110468.92759543,1110468.92759543,0.00020597521211396241,0.3187128640440495,0.0
57,2020-06-04,1110555.71682009,1110555.71682009,7.815547333489548e-05,0.3187910195173844,0.0
58,2020-07-04,1105062.55380679,1105062.55380679,-0.004946319153647738,0.3138447003637367,0.0
59,2020-08-04,1118109.68671029,1118109.68671029,0.011806691719445483,0.32565139208318217,0.0
60,2020-09-04,1118945.09594808,1118945.09594808,0.0007471621502967984,0.32639855423347897,0.0
61,2020-10-04,1129824.01671122,1129824.01671122,0.009722479505504422,0.3361210337389834,0.0
62,2020-11-04,1093537.99107214,1093537.99107214,-0.03211652885969285,0.30400450487929054,0.0
63,2020-12-04,1097357.64993795,1097357.64993795,0.0034929365938765056,0.30749744147316704,0.0
64,2020-04-13,809415.463878956,809415.463878956,-0.2623959345207788,0.04510150695238824,0.0
65,2020-04-14,774516.481737317,774516.481737317,-0.04311627797965811,0.0019852289727301242,0.0
66,2020-04-15,776883.405057941,776883.405057941,0.003056001229715166,0.00504123020244529,0.0
67,2020-04-16,317282.478645576,317282.478645576,-0.591595757381492,-0.5865545271790467,0.0
68,2020-04-17,303359.405244827,303359.405244827,-0.043882263717127445,-0.6304367908961741,0.0
69,2020-04-18,272502.861213895,272502.861213895,-0.10171612779247474,-0.7321529186886488,0.0
70,2020-04-19,267454.932905162,267454.932905162,-0.018524313052150965,-0.7506772317407998,0.0
71,2020-04-20,257512.334307373,257512.334307373,-0.037174855927277206,-0.787852087668077,0.0
72,2020-04-21,162639.005568488,162639.005568488,-0.3684224640892031,-1.1562745517572801,0.0
73,2020-04-22,183599.617224955,183599.617224955,0.12887813463443965,-1.0273964171228405,0.0
74,2020-04-23,2224245.74513405,2224245.74513405,11.114653498480871,10.08725708135803,0.0
75,2020-04-24,9186476.33141288,9186476.33141288,3.1301534920365706,13.217410573394602,0.0
76,2020-04-25,9364664.80806282,9364664.80806282,0.019396825313818145,13.23680739870842,0.0
77,2020-04-26,9597292.84618674,9597292.84618674,0.024841042673906744,13.261648441382327,0.0
78,2020-04-27,9802365.981518,9802365.981518,0.02136781055011161,13.28301625193244,0.0
79,2020-04-28,9871369.13941514,9871369.13941514,0.007039439052494156,13.290055690984934,0.0
80,2020-04-29,10005359.0117235,10005359.0117235,0.013573585428322765,13.303629276413258,0.0
81,2020-04-30,10297832.4764139,10297832.4764139,0.029231681176827617,13.332860957590086,0.0
82,2020-01-05,10828912.0292308,10828912.0292308,0.051571974396872555,13.384432931986957,0.0
83,2020-02-05,10881408.7853636,10881408.7853636,0.004847832911662131,13.389280764898619,0.0
84,2020-03-05,11002083.4028109,11002083.4028109,0.011089981070246724,13.400370745968866,0.0
85,2020-04-05,11103262.2235957,11103262.2235957,0.00919633282901211,13.409567078797878,0.0
86,2020-05-05,11038514.4254646,11038514.4254646,-0.005831421146976323,13.403735657650902,0.0
87,2020-06-05,11159275.9093416,11159275.9093416,0.010940012326152937,13.414675669977054,0.0
88,2020-07-05,12158933.5078194,12158933.5078194,0.08958086587329306,13.504256535850347,0.0
89,2020-08-05,12576428.8788852,12576428.8788852,0.034336512392086904,13.538593048242435,0.0
90,2020-09-05,12485819.6287296,12485819.6287296,-0.0072046883124131655,13.531388359930022,0.0
91,2020-10-05,12524366.0746801,12524366.0746801,0.0030872179077299222,13.534475577837751,0.0
92,2020-11-05,12116893.5275066,12116893.5275066,-0.032534384953603945,13.501941192884148,0.0
93,2020-12-05,12590363.7330305,12590363.7330305,0.03907521382845158,13.5410164067126,0.0
94,2020-05-13,12547641.4890351,12547641.4890351,-0.0033932493851086543,13.537623157327491,0.0
95,2020-05-14,12464794.5221531,12464794.5221531,-0.006602592762504189,13.531020564564987,0.0
96,2020-05-15,12705891.8277959,12705891.8277959,0.019342260733966388,13.550362825298953,0.0
97,2020-05-16,12883955.6384384,12883955.6384384,0.014014270942631635,13.564377096241584,0.0
98,2020-05-17,13042804.7714,13042804.7714,0.012329220731534196,13.576706316973118,0.0
99,2020-05-18,13012842.7079883,13012842.7079883,-0.002297210142821582,13.574409106830297,0.0
100,2020-05-19,13014488.2420524,13014488.2420524,0.00012645461879667863,13.574535561449093,0.0
101,2020-05-20,13222435.1996448,13222435.1996448,0.015978112525430133,13.590513673974522,0.0
102,2020-05-21,13120476.4846589,13120476.4846589,-0.007711039112419993,13.582802634862102,0.0
103,2020-05-22,13082702.2090528,13082702.2090528,-0.0028790323011720353,13.57992360256093,0.0
104,2020-05-23,13104787.8422239,13104787.8422239,0.0016881553075340783,13.581611757868464,0.0
105,2020-05-24,12865833.2658772,12865833.2658772,-0.01823414306462734,13.563377614803837,0.0
106,2020-05-25,12740156.4054628,12740156.4054628,-0.00976826434924516,13.553609350454591,0.0
107,2020-05-26,12620123.6474714,12620123.6474714,-0.009421607880726768,13.544187742573865,0.0
108,2020-05-27,12565436.5193642,12565436.5193642,-0.004333327440746326,13.539854415133119,0.0
109,2020-05-28,12716131.6471863,12716131.6471863,0.011992828708327519,13.551847243841447,0.0
110,2020-05-29,12632626.3451432,12632626.3451432,-0.006566879327769115,13.545280364513678,0.0
111,2020-05-30,12654874.8388162,12654874.8388162,0.0017611930460963432,13.547041557559774,0.0
112,2020-05-31,12746203.2427679,12746203.2427679,0.00721685556869911,13.554258413128473,0.0
113,2020-01-06,12752296.8284957,12752296.8284957,0.00047807065458949083,13.554736483783062,0.0
114,2020-02-06,12753769.1673582,12753769.1673582,0.00011545675906865505,13.55485194054213,0.0
115,2020-03-06,12618360.8334854,12618360.8334854,-0.010617122836075854,13.544234817706055,0.0
116,2020-04-06,12560795.2678126,12560795.2678126,-0.004562047831128568,13.539672769874926,0.0
117,2020-05-06,12586051.8528045,12586051.8528045,0.0020107472857726627,13.541683517160699,0.0
118,2020-06-06,12538586.1738614,12538586.1738614,-0.0037712921810761912,13.537912224979623,0.0
119,2020-07-06,12834080.055561,12834080.055561,0.02356676244053757,13.561478987420161,0.0
120,2020-08-06,12823391.3691648,12823391.3691648,-0.0008328361947196328,13.560646151225441,0.0
121,2020-09-06,13152717.9027422,13152717.9027422,0.025681703388488852,13.58632785461393,0.0
122,2020-10-06,13227575.8211154,13227575.8211154,0.0056914410334607535,13.592019295647392,0.0
123,2020-11-06,14034885.3583752,14034885.3583752,0.061032312207281114,13.653051607854673,0.0
124,2020-12-06,14480803.3791035,14480803.3791035,0.031772117074130746,13.684823724928803,0.0
125,2020-06-13,14789121.7462886,14789121.7462886,0.021291523620161623,13.706115248548965,0.0
126,2020-06-14,14889023.8630944,14889023.8630944,0.006755108147708189,13.712870356696673,0.0
127,2020-06-15,14859182.0350618,14859182.0350618,-0.002004283713089361,13.710866072983583,0.0
128,2020-06-16,14395842.3533647,14395842.3533647,-0.031182044920359808,13.679684028063223,0.0
129,2020-06-17,13616977.3600089,13616977.3600089,-0.05410346780949293,13.62558056025373,0.0
130,2020-06-18,13511686.3086579,13511686.3086579,-0.007732336521335759,13.617848223732395,0.0
131,2020-06-19,14574716.9214645,14574716.9214645,0.078674903229913,13.696523126962308,0.0
132,2020-06-20,14916298.6287379,14916298.6287379,0.023436592910449416,13.719959719872758,0.0
133,2020-06-21,18944048.7106944,18944048.7106944,0.2700234275409714,13.98998314741373,0.0
134,2020-06-22,19483650.5096056,19483650.5096056,0.02848397442129591,14.018467121835025,0.0
135,2020-06-23,22751787.1380944,22751787.1380944,0.167737387143009,14.186204508978033,0.0
136,2020-06-24,27237825.4739196,27237825.4739196,0.19717300924963443,14.383377518227668,0.0
137,2020-06-25,33320068.7904547,33320068.7904547,0.2233013543008009,14.60667887252847,0.0
138,2020-06-26,37553774.139983,37553774.139983,0.12706172295602047,14.73374059548449,0.0
139,2020-06-27,40248291.5048753,40248291.5048753,0.07175090724166355,14.805491502726152,0.0
140,2020-06-28,42392041.2342313,42392041.2342313,0.05326312370542041,14.858754626431573,0.0
141,2020-06-29,43702180.7122204,43702180.7122204,0.03090531712663025,14.889659943558202,0.0
142,2020-06-30,43658725.7017008,43658725.7017008,-0.0009943442137534397,14.88866559934445,0.0
143,2020-01-07,43950831.5682495,43950831.5682495,0.006690664050630346,14.89535626339508,0.0
144,2020-02-07,45482738.8372392,45482738.8372392,0.03485502354172443,14.930211286936803,0.0
145,2020-03-07,46543532.1453707,46543532.1453707,0.023322986593388162,14.953534273530192,0.0
146,2020-04-07,50297200.0429957,50297200.0429957,0.08064853964888319,15.034182813179076,0.0
147,2020-05-07,51614474.2402086,51614474.2402086,0.02618981168110457,15.06037262486018,0.0
148,2020-06-07,52469567.0267278,52469567.0267278,0.016566918468251535,15.076939543328432,0.0
149,2020-07-07,54348133.7388545,54348133.7388545,0.03580297720333303,15.112742520531766,0.0
150,2020-08-07,55193392.4075585,55193392.4075585,0.01555267146367001,15.128295191995436,0.0
151,2020-09-07,62439789.4133365,62439789.4133365,0.13129102397383408,15.25958621596927,0.0
152,2020-10-07,65203776.3329208,65203776.3329208,0.04426643564230104,15.303852651611571,0.0
153,2020-11-07,65162204.2481549,65162204.2481549,-0.0006375717343982679,15.303215079877173,0.0
154,2020-12-07,65595359.3290354,65595359.3290354,0.006647336226241363,15.309862416103414,0.0
155,2020-07-13,69460484.4112819,69460484.4112819,0.058923758049079344,15.368786174152493,0.0
156,2020-07-14,69504081.2333662,69504081.2333662,0.0006276492663968014,15.36941382341889,0.0
157,2020-07-15,69857620.9228543,69857620.9228543,0.005086603307524529,15.374500426726415,0.0
158,2020-07-16,71506228.7207044,71506228.7207044,0.023599541124807333,15.398099967851223,0.0
159,2020-07-17,70075606.9346526,70075606.9346526,-0.0200069534031736,15.37809301444805,0.0
160,2020-07-18,71228296.3397226,71228296.3397226,0.01644922470874799,15.394542239156797,0.0
161,2020-07-19,57486920.7178822,57486920.7178822,-0.19292017818734641,15.20162206096945,0.0
162,2020-07-20,48207854.9185538,48207854.9185538,-0.16141177303382692,15.040210287935624,0.0
163,2020-07-21,45238616.2957443,45238616.2957443,-0.06159242363772399,14.9786178642979,0.0
164,2020-07-22,45671606.0119392,45671606.0119392,0.009571241378477646,14.988189105676378,0.0
165,2020-07-23,45440707.5880773,45440707.5880773,-0.005055623045126523,14.983133482631251,0.0
166,2020-07-24,44539712.8263922,44539712.8263922,-0.019827921031790874,14.96330556159946,0.0
167,2020-07-25,51704507.0411777,51704507.0411777,0.16086305366881404,15.124168615268275,0.0
168,2020-07-26,74357812.2236304,74357812.2236304,0.4381301839781879,15.562298799246463,0.0
169,2020-07-27,83596896.7669546,83596896.7669546,0.1242516995462124,15.686550498792675,0.0
170,2020-07-28,85415119.2084337,85415119.2084337,0.021749879622299906,15.708300378414975,0.0
171,2020-07-29,87519852.8368216,87519852.8368216,0.024641230357026478,15.732941608772002,0.0
172,2020-07-30,92519084.5152945,92519084.5152945,0.05712111614028692,15.79006272491229,0.0
173,2020-07-31,94028653.0692984,94028653.0692984,0.01631629368051457,15.806379018592803,0.0
174,2020-01-08,91787895.866388,91787895.866388,-0.023830578549912773,15.782548440042891,0.0
175,2020-02-08,90917099.0998897,90917099.0998897,-0.00948705445613307,15.773061385586757,0.0
176,2020-03-08,89892454.415891,89892454.415891,-0.011270098739874279,15.761791286846883,0.0
177,2020-04-08,93327985.6331561,93327985.6331561,0.038218237999938065,15.800009524846821,0.0
178,2020-05-08,94750850.7326884,94750850.7326884,0.015245856747890585,15.815255381594712,0.0
179,2020-06-08,92447388.9752674,92447388.9752674,-0.024310723751911678,15.7909446578428,0.0
180,2020-07-08,96730157.4102092,96730157.4102092,0.04632654834727212,15.837271206190072,0.0
181,2020-08-08,98652030.4077781,98652030.4077781,0.01986839522465278,15.857139601414726,0.0
182,2020-09-08,89426636.9391302,89426636.9391302,-0.0935144814608958,15.763625119953831,0.0
183,2020-10-08,90905348.933727,90905348.933727,0.0165354758404177,15.780160595794248,0.0
184,2020-11-08,91634760.7127399,91634760.7127399,0.008023859845086356,15.788184455639335,0.0
185,2020-12-08,92224911.6151445,92224911.6151445,0.0064402514702321945,15.794624707109568,0.0
186,2020-08-13,99405474.3998967,99405474.3998967,0.07785925363329982,15.872483960742867,0.0
187,2020-08-14,136957298.067738,136957298.067738,0.3777641412058925,16.25024810194876,0.0
188,2020-08-15,314827739.346817,314827739.346817,1.2987291936140979,17.548977295562857,0.0
189,2020-08-16,374902617.500867,374902617.500867,0.19081824962021843,17.739795545183075,0.0
190,2020-08-17,437042650.300698,437042650.300698,0.16574979714482052,17.905545342327894,0.0
191,2020-08-18,442440672.910321,442440672.910321,0.012351249027775735,17.91789659135567,0.0
192,2020-08-19,451088087.717307,451088087.717307,0.01954480077544485,17.937441392131117,0.0
193,2020-08-20,412657292.60692,412657292.60692,-0.08519576587549171,17.852245626255623,0.0
194,2020-08-21,399953639.805473,399953639.805473,-0.030784995270998206,17.821460630984625,0.0
195,2020-08-22,393162206.175516,393162206.175516,-0.01698055212914229,17.804480078855484,0.0
196,2020-08-23,380294803.23179,380294803.23179,-0.0327279752265448,17.771752103628938,0.0
197,2020-08-24,358041889.68657,358041889.68657,-0.058514903059710854,17.71323720056923,0.0
198,2020-08-25,369675639.917207,369675639.917207,0.03249270704280227,17.74572990761203,0.0
199,2020-08-26,369637593.85308,369637593.85308,-0.00010291742278600857,17.745626990189244,0.0
200,2020-08-27,407881061.462478,407881061.462478,0.10346206188269536,17.84908905207194,0.0
201,2020-08-28,447001082.304471,447001082.304471,0.09591036343223736,17.944999415504178,0.0
202,2020-08-29,441350455.051913,441350455.051913,-0.01264119367100125,17.932358221833177,0.0
203,2020-08-30,459425869.690048,459425869.690048,0.04095478872001812,17.973313010553195,0.0
204,2020-08-31,428068393.968189,428068393.968189,-0.06825361345675707,17.905059397096437,0.0
205,2020-01-09,389676724.235425,389676724.235425,-0.08968583122167384,17.815373565874765,0.0
206,2020-02-09,402120979.364323,402120979.364323,0.03193481764484285,17.847308383519607,0.0
207,2020-03-09,446039229.653973,446039229.653973,0.10921651080994677,17.956524894329554,0.0
208,2020-04-09,462959499.722051,462959499.722051,0.03793448859017268,17.99445938291973,0.0
209,2020-05-09,480164738.498986,480164738.498986,0.037163593764172775,18.031622976683902,0.0
210,2020-06-09,444238212.647266,444238212.647266,-0.07482124981527749,17.956801726868626,0.0
211,2020-07-09,423036107.767899,423036107.767899,-0.047726882280165084,17.90907484458846,0.0
212,2020-08-09,416961196.950599,416961196.950599,-0.014360265485028001,17.894714579103432,0.0
213,2020-09-09,427450546.71811,427450546.71811,0.02515665688851554,17.91987123599195,0.0
214,2020-10-09,459242311.103356,459242311.103356,0.07437530406578619,17.994246540057734,0.0
215,2020-11-09,421584256.1303,421584256.1303,-0.0820004038447163,17.912246136213017,0.0
216,2020-12-09,427720302.769414,427720302.769414,0.014554733840007383,17.926800870053025,0.0
217,2020-09-13,447657491.253307,447657491.253307,0.04661267738473751,17.97341354743776,0.0
218,2020-09-14,468438745.388524,468438745.388524,0.046422219087713046,18.019835766525475,0.0
219,2020-09-15,484608675.619971,484608675.619971,0.034518771964594075,18.05435453849007,0.0
220,2020-09-16,497739338.589287,0.0,0.027095393933089795,18.081449932423162,497739338.589287
221,2020-09-17,515329907.614125,515329907.614125,0.035340925783953425,18.116790858207114,0.0
222,2020-09-18,550228167.077225,550228167.077225,0.06772022921136478,18.18451108741848,0.0
223,2020-09-19,590981975.544696,590981975.544696,0.07406710689485863,18.258578194313337,0.0
224,2020-09-20,764709883.676741,764709883.676741,0.2939648167305333,18.55254301104387,0.0
225,2020-09-21,819818328.494171,819818328.494171,0.07206451229905309,18.624607523342924,0.0
226,2020-09-22,780346797.84009,780346797.84009,-0.04814667991941779,18.576460843423504,0.0
227,2020-09-23,847108399.658393,847108399.658393,0.08555375892243222,18.662014602345938,0.0
228,2020-09-24,921203427.840626,921203427.840626,0.08746817787677785,18.749482780222717,0.0
229,2020-09-25,965317318.58627,965317318.58627,0.04788724120257615,18.797370021425294,0.0
230,2020-09-26,977559937.77367,977559937.77367,0.012682481658290001,18.810052503083583,0.0
231,2020-09-27,1066251763.39006,1066251763.39006,0.0907277622468654,18.900780265330447,0.0
232,2020-09-28,1001604867.8435,1001604867.8435,-0.060630047955109956,18.840150217375335,0.0
233,2020-09-29,946340248.858827,946340248.858827,-0.055176068686307644,18.784974148689027,0.0
234,2020-09-30,944399599.425745,944399599.425745,-0.002050688888507235,18.78292345980052,0.0
235,2020-01-10,928927192.492724,928927192.492724,-0.01638332644616669,18.766540133354354,0.0
236,2020-02-10,947356278.303912,947356278.303912,0.01983910683218859,18.78637924018654,0.0
237,2020-03-10,921221193.906972,921221193.906972,-0.02758738712718578,18.758791853059357,0.0
238,2020-04-10,948326683.278426,948326683.278426,0.02942343223400834,18.788215285293365,0.0
239,2020-05-10,942499340.330543,942499340.330543,-0.006144868694127115,18.78207041659924,0.0
240,2020-06-10,928335205.969716,928335205.969716,-0.015028269787286663,18.767042146811953,0.0
241,2020-07-10,954423092.013851,954423092.013851,0.028101795425160336,18.795143942237114,0.0
242,2020-08-10,935999848.132848,935999848.132848,-0.01930301564909709,18.775840926588018,0.0
243,2020-09-10,948077521.534049,948077521.534049,0.012903499317113987,18.788744425905133,0.0
244,2020-10-10,1018925571.17964,1018925571.17964,0.07472811878395169,18.863472544689085,0.0
245,2020-11-10,1029795310.03362,1029795310.03362,0.010667843816497546,18.874140388505584,0.0
246,2020-12-10,1046922922.07016,1046922922.07016,0.01663205480706731,18.890772443312652,0.0
247,2020-10-13,1037052276.9602,1037052276.9602,-0.009428244335735969,18.881344198976915,0.0
248,2020-10-14,1035510529.49601,1035510529.49601,-0.0014866632072870756,18.879857535769627,0.0
249,2020-10-15,944655887.958828,944655887.958828,-0.08773898376620226,18.792118552003426,0.0
250,2020-10-16,936519484.322721,936519484.322721,-0.008613087304931488,18.783505464698496,0.0
251,2020-10-17,933528660.164462,933528660.164462,-0.0031935525190081027,18.78031191217949,0.0
252,2020-10-18,938935597.706582,938935597.706582,0.005791935237604129,18.786103847417092,0.0
253,2020-10-19,941576362.944749,941576362.944749,0.002812509446459721,18.788916356863552,0.0
254,2020-10-20,915915627.309477,915915627.309477,-0.027252952224734006,18.761663404638817,0.0
255,2020-10-21,939604191.491097,939604191.491097,0.02586326019046714,18.787526664829283,0.0
256,2020-10-22,865088677.891051,865088677.891051,-0.07930521625472331,18.70822144857456,0.0
257,2020-10-23,796419331.101287,796419331.101287,-0.07937839038324834,18.62884305819131,0.0
258,2020-10-24,781427241.814365,781427241.814365,-0.018824366387730662,18.61001869180358,0.0
259,2020-10-25,777188165.213153,777188165.213153,-0.005424787330640668,18.604593904472942,0.0
260,2020-10-26,772497347.575844,772497347.575844,-0.006035626695399365,18.598558277777542,0.0
261,2020-10-27,602127517.626996,602127517.626996,-0.2205442264410119,18.37801405133653,0.0
262,2020-10-28,683249124.063673,683249124.063673,0.1347249611782897,18.51273901251482,0.0
263,2020-10-29,685784722.663664,685784722.663664,0.0037110894265188765,18.51645010194134,0.0
264,2020-10-30,689650626.859166,689650626.859166,0.005637197895698831,18.52208729983704,0.0
265,2020-10-31,690388662.348101,690388662.348101,0.0010701585124284207,18.523157458349466,0.0
266,2020-01-11,703480647.296459,703480647.296459,0.018963209656181812,18.542120668005648,0.0
267,2020-02-11,698660603.221551,698660603.221551,-0.006851708136438317,18.53526895986921,0.0
268,2020-03-11,988860442.88,988860442.88,0.41536597071643433,18.950634930585643,0.0
269,2020-04-11,1009794999.85,1009794999.85,0.021170385690653548,18.971805316276296,0.0
270,2020-05-11,1013666609.77,1013666609.77,0.00383405534843706,18.975639371624734,0.0
271,2020-06-11,1038673284.07,1038673284.07,0.024669525521486824,19.00030889714622,0.0
272,2020-07-11,1017133064.42,1017133064.42,-0.02073820515109004,18.97957069199513,0.0
273,2020-08-11,1009235706.39,1009235706.39,-0.007764331242641531,18.97180636075249,0.0
274,2020-09-11,1032638634.99,1032638634.99,0.023188763984294036,18.994995124736782,0.0
275,2020-10-11,1082978106.11,1082978106.11,0.04874839020572508,19.043743514942506,0.0
276,2020-11-11,1099342718.83,1099342718.83,0.015110751203254669,19.05885426614576,0.0
277,2020-12-11,1137550594.98,1137550594.98,0.034755200080520465,19.093609466226283,0.0
278,2020-11-13,1146321712.74,1146321712.74,0.007710529798592658,19.101319996024877,0.0
279,2020-11-14,1165766866.67,1165766866.67,0.01696308611613162,19.11828308214101,0.0
280,2020-11-15,1167004167.4,1167004167.4,0.0010613620659285505,19.119344444206938,0.0
281,2020-11-16,1178501484.59,1178501484.59,0.009851993258614522,19.129196437465552,0.0
282,2020-11-17,1255695163.27,1255695163.27,0.0655015540407704,19.194697991506324,0.0
283,2020-11-18,1327704374.24,1327704374.24,0.05734609248830602,19.25204408399463,0.0
284,2020-11-19,1354496312.78,1354496312.78,0.020179144589574927,19.272223228584206,0.0
285,2020-11-20,1337828592.8,1337828592.8,-0.01230547460538356,19.259917753978822,0.0
286,2020-11-21,1386094075.38,1386094075.38,0.03607747871420752,19.29599523269303,0.0
287,2020-11-22,1375064136.85,1375064136.85,-0.007957568483925814,19.288037664209106,0.0
288,2020-11-23,1353368261.34,1353368261.34,-0.015778082584351982,19.272259581624755,0.0
289,2020-11-24,1387800899.27,1387800899.27,0.02544217927492065,19.297701760899677,0.0
290,2020-11-25,1411642840.07,1411642840.07,0.017179655102213198,19.314881416001892,0.0
291,2020-11-26,1405422194.91,1405422194.91,-0.004406670712608474,19.310474745289284,0.0
292,2020-11-27,1333131244.47,1333131244.47,-0.05143717717125518,19.25903756811803,0.0
293,2020-11-28,1345444306.67,1345444306.67,0.009236196549346598,19.268273764667374,0.0
294,2020-11-29,1380580550.25,1380580550.25,0.026114974366321153,19.294388739033696,0.0
295,2020-11-30,1399118475.85,1399118475.85,0.013427630569359472,19.307816369603056,0.0
296,2020-01-12,1429855491.35,1429855491.35,0.021968843976080343,19.329785213579136,0.0
297,2020-02-12,1384705329.06,1384705329.06,-0.03157673104949321,19.298208482529642,0.0
298,2020-03-12,1411115171.64,1411115171.64,0.01907253624706451,19.317281018776708,0.0
299,2020-04-12,1457977932.22,1457977932.22,0.03320973476993805,19.350490753546644,0.0
300,2020-05-12,1470324605.91,1470324605.91,0.008468354298888592,19.358959107845532,0.0
301,2020-06-12,1478173518.56,1478173518.56,0.005338217573487514,19.36429732541902,0.0
302,2020-07-12,1493719255.71,1493719255.71,0.010516855399455682,19.374814180818476,0.0
303,2020-08-12,1516324754.52,1516324754.52,0.015133699805760958,19.389947880624238,0.0
304,2020-09-12,1456571256.4,1456571256.4,-0.03940679458135943,19.350541086042877,0.0
305,2020-10-12,1461793052.07,1461793052.07,0.0035849915663623833,19.35412607760924,0.0
306,2020-11-12,1432758867.27,1432758867.27,-0.019862035025331126,19.33426404258391,0.0
307,2020-12-12,1423524758.85,1423524758.85,-0.006444984310301161,19.327819058273608,0.0
308,2020-12-13,1450624957.04,1450624957.04,0.019037391532194414,19.346856449805802,0.0
309,2020-12-14,1476409115.0,1476409115.0,0.01777451700032273,19.364630966806125,0.0
310,2020-12-15,1476976570.62,1476976570.62,0.00038434849408242044,19.36501531530021,0.0
311,2020-12-16,1499640323.98,1499640323.98,0.01534469389076798,19.380360009190976,0.0
312,2020-12-17,1406211095.45,1406211095.45,-0.062301091159006505,19.31805891803197,0.0
313,2020-12-18,1420283525.43,1420283525.43,0.010007338176702962,19.328066256208672,0.0
314,2020-12-19,1399632368.75,1399632368.75,-0.014540164910909481,19.313526091297764,0.0
315,2020-12-20,1440474689.26,1440474689.26,0.029180748760816222,19.34270684005858,0.0
316,2020-12-21,1441008760.72,1441008760.72,0.0003707607387912759,19.343077600797372,0.0
317,2020-12-22,1429078576.9,1429078576.9,-0.008279050166245305,19.334798550631128,0.0
318,2020-12-23,1432124386.63,1432124386.63,0.002131310187720503,19.33692986081885,0.0
319,2020-12-24,1432124386.63,1432124386.63,0.0,19.33692986081885,0.0
320,2020-12-25,1436486062.03,1436486062.03,0.0030455981622263817,19.339975458981076,0.0
321,2020-12-26,1443643347.37,1443643347.37,0.004982495500085449,19.34495795448116,0.0
322,2020-12-27,1516283655.26,1516283655.26,0.05031735021141803,19.39527530469258,0.0
323,2020-12-28,1474147446.39,1474147446.39,-0.027789133467098326,19.36748617122548,0.0
324,2020-12-29,1487281396.95,1487281396.95,0.00890952298710923,19.37639569421259,0.0
325,2020-12-30,1467810002.63,1467810002.63,-0.013091936979733876,19.363303757232856,0.0
326,2020-12-31,1388785547.51,1388785547.51,-0.053838340778714744,19.30946541645414,0.0
327,2021-01-01,1410145847.78,1410145847.78,0.015380560597204829,19.324845977051346,0.0
328,2021-02-01,1393085936.75,1393085936.75,-0.012097976288663714,19.31274800076268,0.0
329,2021-03-01,1455668677.02,1455668677.02,0.04492381885356078,19.357671819616243,0.0
330,2021-04-01,1468097043.59,1468097043.59,0.008537908911691927,19.366209728527934,0.0
331,2021-05-01,1414335224.48,1414335224.48,-0.036620071775728014,19.329589656752205,0.0
332,2021-06-01,1524312323.04,1524312323.04,0.07775886271971655,19.40734851947192,0.0
333,2021-07-01,1578626975.41,1578626975.41,0.03563223333501497,19.442980752806935,0.0
334,2021-08-01,1623546617.85,1623546617.85,0.028454880817131212,19.47143563362407,0.0
335,2021-09-01,1663519861.93,1663519861.93,0.024620940132249025,19.496056573756317,0.0
336,2021-10-01,1660471259.89,1660471259.89,-0.0018326213649549894,19.494223952391362,0.0
337,2021-11-01,1653185660.19,1653185660.19,-0.004387669859749699,19.489836282531613,0.0
338,2021-12-01,1545315780.65,1545315780.65,-0.06524970675562392,19.42458657577599,0.0
339,2021-01-13,1705359219.93,1705359219.93,0.10356681869428752,19.528153394470277,0.0
340,2021-01-14,1844481847.24,1844481847.24,0.08157966115532567,19.609733055625604,0.0
341,2021-01-15,1916287784.22,1916287784.22,0.038930140238272015,19.648663195863875,0.0
342,2021-01-16,2023928569.93,2023928569.93,0.05617151379682461,19.7048347096607,0.0
343,2021-01-17,2081541785.02,2081541785.02,0.028466031828382476,19.733300741489085,0.0
344,2021-01-18,2132434152.25,2132434152.25,0.024449361332187225,19.757750102821273,0.0
345,2021-01-19,2214382033.33,2214382033.33,0.0384292668514683,19.796179369672743,0.0
346,2021-01-20,2270303849.15,2270303849.15,0.025253915078015998,19.821433284750757,0.0
347,2021-01-21,2309332959.21,2309332959.21,0.017191139447969572,19.838624424198727,0.0
348,2021-01-22,2197361143.59,2197361143.59,-0.04848664856812346,19.790137775630605,0.0
349,2021-01-23,2346500575.51,2346500575.51,0.06787206206638352,19.85800983769699,0.0
350,2021-01-24,2453733987.44,2453733987.44,0.045699290700873973,19.903709128397864,0.0
351,2021-01-25,2525632628.11,2525632628.11,0.02930172587494395,19.93301085427281,0.0
352,2021-01-26,2665765759.03,2665765759.03,0.05548436829661396,19.988495222569423,0.0
353,2021-01-27,2736302120.53,2736302120.53,0.02646007484381019,20.014955297413234,0.0
354,2021-01-28,2693689728.05,2693689728.05,-0.015572985219828861,19.999382312193404,0.0
355,2021-01-29,2906601910.23,2906601910.23,0.07904109369497792,20.078423405888383,0.0
356,2021-01-30,3038756659.39,3038756659.39,0.045467096369431026,20.123890502257815,0.0
357,2021-01-31,3058247141.37,3058247141.37,0.0064139660277742205,20.13030446828559,0.0
358,2021-01-02,2989394293.11,2989394293.11,-0.022513827391057673,20.10779064089453,0.0
359,2021-02-02,3100855143.8,3100855143.8,0.03728542967613757,20.14507607057067,0.0
360,2021-03-02,3275172387.39,3275172387.39,0.05621586159499836,20.20129193216567,0.0
361,2021-04-02,3483311187.62,3483311187.62,0.06355048700073662,20.264842419166406,0.0
362,2021-05-02,3511122075.73,3511122075.73,0.007984037776711528,20.27282645694312,0.0
363,2021-06-02,3733419314.45,3733419314.45,0.063312306984878,20.336138763927995,0.0
364,2021-07-02,3884340940.2,3884340940.2,0.040424504465883526,20.376563268393877,0.0
365,2021-08-02,3828165520.99,3828165520.99,-0.014462020732687653,20.36210124766119,0.0
366,2021-09-02,4186614787.92,4186614787.92,0.0936347357408156,20.455735983402008,0.0
367,2021-10-02,4208527121.58,4208527121.58,0.005233902513129607,20.460969885915137,0.0
368,2021-11-02,4131586942.11,4131586942.11,-0.018281973062612478,20.442687912852524,0.0
369,2021-12-02,4307058935.07,4307058935.07,0.04247084604986817,20.485158758902394,0.0
370,2021-02-13,4345243879.15,4345243879.15,0.008865665563357217,20.49402442446575,0.0
371,2021-02-14,4315805114.26,4315805114.26,-0.006774939614150766,20.4872494848516,0.0
372,2021-02-15,4429058750.95,4429058750.95,0.026241601205715837,20.513491086057314,0.0
373,2021-02-16,4430455119.94,4430455119.94,0.0003152744338061897,20.51380636049112,0.0
374,2021-02-17,4458214915.35,4458214915.35,0.00626567579593873,20.520072036287058,0.0
375,2021-02-18,4515449125.04,4515449125.04,0.01283792073211587,20.532909957019175,0.0
376,2021-02-19,4532660952.58,4532660952.58,0.003811764248334404,20.536721721267508,0.0
377,2021-02-20,4636858097.2,4636858097.2,0.022988073829058653,20.559709795096566,0.0
378,2021-02-21,4629719157.55,4629719157.55,-0.0015396071004006862,20.558170187996165,0.0
379,2021-02-22,4702478520.7,4702478520.7,0.015715718529351053,20.573885906525515,0.0
380,2021-02-23,4492212725.39,4492212725.39,-0.044713823653722895,20.529172082871792,0.0
381,2021-02-24,4103515040.09,4103515040.09,-0.08652699884470738,20.442645084027085,0.0
382,2021-02-25,4173590173.86,4173590173.86,0.017076855594627682,20.459721939621712,0.0
383,2021-02-26,4028844673.9,4028844673.9,-0.03468129210830739,20.425040647513406,0.0
384,2021-02-27,3912144173.39,3912144173.39,-0.028966244657189,20.396074402856218,0.0
385,2021-02-28,3844737502.85,3844737502.85,-0.017230109002243088,20.378844293853977,0.0
386,2021-01-03,3720502564.45,3720502564.45,-0.03231298321612541,20.34653131063785,0.0
387,2021-02-03,3914069348.71,3914069348.71,0.052027053041049376,20.398558363678898,0.0
388,2021-03-03,3856185576.59,3856185576.59,-0.014788642449341638,20.383769721229555,0.0
389,2021-04-03,4093039845.48,4093039845.48,0.06142190622979515,20.44519162745935,0.0
390,2021-05-03,3978168117.89,3978168117.89,-0.028065137874691004,20.41712648958466,0.0
391,2021-06-03,3958658396.23,3958658396.23,-0.004904197379759778,20.412222292204902,0.0
392,2021-07-03,3943276925.03,3943276925.03,-0.0038855262718925365,20.408336765933008,0.0
393,2021-08-03,3469160074.34,3469160074.34,-0.12023422643247228,20.288102539500535,0.0
394,2021-09-03,3614676054.98,3614676054.98,0.04194559418469157,20.330048133685228,0.0
395,2021-10-03,3793983083.77,3793983083.77,0.0496052830357967,20.379653416721023,0.0
396,2021-11-03,4047709087.76,4047709087.76,0.06687589227147472,20.4465293089925,0.0
397,2021-12-03,4125552812.27,4125552812.27,0.019231551186668527,20.465760860179167,0.0
398,2021-03-13,4281048706.91,4281048706.91,0.037690923305485846,20.503451783484653,0.0
399,2021-03-14,4488911557.43,4488911557.43,0.04855418958081259,20.552005973065466,0.0
400,2021-03-15,4324754109.6,4324754109.6,-0.03656954380361721,20.51543642926185,0.0
401,2021-03-16,4345733942.54,4345733942.54,0.004851104226579972,20.520287533488432,0.0
402,2021-03-17,4369294723.57,4369294723.57,0.005421588468489835,20.525709121956922,0.0
403,2021-03-18,4436512912.47,4436512912.47,0.015384219457065917,20.541093341413987,0.0
404,2021-03-19,4546287152.04,4546287152.04,0.024743360773604506,20.565836702187593,0.0
405,2021-03-20,4554269677.52,4554269677.52,0.0017558339834338188,20.567592536171027,0.0
406,2021-03-21,4601336701.49,4601336701.49,0.01033470288382854,20.577927239054855,0.0
407,2021-03-22,4513020227.32,4513020227.32,-0.019193656082894694,20.55873358297196,0.0
408,2021-03-23,4399935372.27,4399935372.27,-0.02505746691881172,20.533676116053147,0.0
409,2021-03-24,4332628421.66,4332628421.66,-0.015297258917527201,20.51837885713562,0.0
410,2021-03-25,4215433199.14,4215433199.14,-0.02704945153711058,20.49132940559851,0.0
411,2021-03-26,4210726105.29,4210726105.29,-0.0011166334816929968,20.490212772116816,0.0
412,2021-03-27,4397156642.29,4397156642.29,0.0442751516812705,20.534487923798086,0.0
413,2021-03-28,4460948783.46,4460948783.46,0.014507588962484164,20.54899551276057,0.0
414,2021-03-29,4510908731.84,4510908731.84,0.011199399680453137,20.560194912441023,0.0
415,2021-03-30,4644638853.66,4644638853.66,0.029645938273162864,20.589840850714186,0.0
416,2021-03-31,4704047228.91,4704047228.91,0.012790741567169528,20.602631592281355,0.0
417,2021-01-04,4765201924.82,4765201924.82,0.013000442583602778,20.61563203486496,0.0
418,2021-02-04,4829981879.03,4829981879.03,0.013594377579801531,20.62922641244476,0.0
419,2021-03-04,4987937995.73,4987937995.73,0.03270325244609862,20.661929664890856,0.0
420,2021-04-04,4916309951.02,4916309951.02,-0.014360251625284315,20.647569413265572,0.0
421,2021-05-04,5005195068.23,5005195068.23,0.018079640644210748,20.66564905390978,0.0
422,2021-06-04,5126374256.48148,5126374256.48148,0.024210682420881646,20.689859736330664,0.0
423,2021-07-04,5118877259.79578,5118877259.79578,-0.0014624364727605643,20.688397299857904,0.0
424,2021-08-04,5162317546.55151,5162317546.55151,0.00848629192516781,20.69688359178307,0.0
425,2021-09-04,5349432509.43479,5349432509.43479,0.03624631014964885,20.73312990193272,0.0
426,2021-10-04,5356967304.85579,5356967304.85579,0.0014085223820865522,20.734538424314806,0.0
427,2021-11-04,5542036067.30408,5542036067.30408,0.034547301097121785,20.769085725411927,0.0
428,2021-12-04,5492503462.11554,5492503462.11554,-0.008937618699518035,20.760148106712407,0.0
429,2021-04-13,5714420300.08443,5714420300.08443,0.040403586360856725,20.800551693073263,0.0
430,2021-04-14,5946723184.64955,5946723184.64955,0.040652047340950404,20.841203740414215,0.0
431,2021-04-15,6463202441.54596,6463202441.54596,0.08685106753070548,20.92805480794492,0.0
432,2021-04-16,6516480559.32716,6516480559.32716,0.008243300169390233,20.93629810811431,0.0
433,2021-04-17,6458931504.69002,6458931504.69002,-0.008831309188020109,20.92746679892629,0.0
434,2021-04-18,6391390320.90898,6391390320.90898,-0.01045702121658909,20.9170097777097,0.0
435,2021-04-19,6235998371.33713,6235998371.33713,-0.02431269907949407,20.892697078630206,0.0
436,2021-04-20,6199709287.9471,6199709287.9471,-0.005819290068584282,20.886877788561623,0.0
437,2021-04-21,6302518780.02209,6302518780.02209,0.016582953699920022,20.903460742261544,0.0
438,2021-04-22,6311840840.65473,6311840840.65473,0.0014791008100110137,20.904939843071556,0.0
439,2021-04-23,6271812980.14297,6271812980.14297,-0.00634170941921397,20.898598133652342,0.0
440,2021-04-24,6245037193.36609,6245037193.36609,-0.004269225957734157,20.894328907694607,0.0
441,2021-04-25,6140080998.8344,6140080998.8344,-0.016806336180540504,20.877522571514067,0.0
442,2021-04-26,6224359928.77484,6224359928.77484,0.01372602901434683,20.891248600528414,0.0
443,2021-04-27,6579205378.551,6579205378.551,0.057009146938262756,20.948257747466677,0.0
444,2021-04-28,6678170157.26051,6678170157.26051,0.015042056451398889,20.963299803918076,0.0
445,2021-04-29,6711088161.30013,6711088161.30013,0.004929195163413391,20.96822899908149,0.0
446,2021-04-30,6847674429.64713,6847674429.64713,0.020352328126850283,20.98858132720834,0.0
447,2021-01-05,6900848395.7507,6900848395.7507,0.007765259089034915,20.996346586297374,0.0
448,2021-02-05,7092682274.37523,7092682274.37523,0.027798593393626003,21.024145179691,0.0
449,2021-03-05,7086864357.82733,7086864357.82733,-0.0008202702902566639,21.023324909400745,0.0
450,2021-04-05,7517159047.13995,7517159047.13995,0.06071721816396369,21.084042127564707,0.0
451,2021-05-05,7390903681.70273,7390903681.70273,-0.0167956224745911,21.067246505090118,0.0
452,2021-06-05,7801070415.86267,7801070415.86267,0.05549615470911462,21.122742659799233,0.0
453,2021-07-05,7815798861.77327,7815798861.77327,0.0018880032002597247,21.124630662999493,0.0
454,2021-08-05,8328200795.95775,8328200795.95775,0.06555976468261182,21.190190427682104,0.0
455,2021-09-05,8891633794.18077,8891633794.18077,0.06765362795965402,21.25784405564176,0.0
456,2021-10-05,8987791355.85708,8987791355.85708,0.010814386186174252,21.26865844182793,0.0
457,2021-11-05,8910695942.33029,8910695942.33029,-0.008577792972079834,21.26008064885585,0.0
458,2021-12-05,9212814563.48602,9212814563.48602,0.03390516555732903,21.29398581441318,0.0
459,2021-05-13,8591420515.80953,8591420515.80953,-0.0674488825748557,21.226536931838325,0.0
460,2021-05-14,9248418990.76478,9248418990.76478,0.07647146053976428,21.30300839237809,0.0
461,2021-05-15,8793608212.36596,8793608212.36596,-0.04917713815225955,21.25383125422583,0.0
462,2021-05-16,8523515523.99864,8523515523.99864,-0.030714660221898726,21.22311659400393,0.0
463,2021-05-17,8795680000.96892,8324583526.25143,0.03193101205763971,21.25504760606157,471096474.7174902
464,2021-05-18,9077858794.36118,8499004996.59351,0.03208152108321083,21.28712912714478,578853797.7676697
465,2021-05-19,7318066667.87631,6804792356.2404,-0.19385541969191955,21.09327370745286,513274311.63591003
466,2021-05-20,7731759153.44184,7147860593.96677,0.056530297459777445,21.149804004912635,583898559.47507
467,2021-05-21,7104447323.84956,6481640792.13612,-0.08113442453946962,21.068669580373165,622806531.71344
468,2021-05-22,7403183999.79366,6799833774.98563,0.04204924919933517,21.110718829572498,603350224.8080301
469,2021-05-23,6456660784.55266,5981351034.34818,-0.1278535310303488,20.982865298542148,475309750.2044802
470,2021-05-24,7126434192.4193,6612552394.84576,0.10373371471969683,21.086599013261846,513881797.57353973
471,2021-05-25,7361892054.9983,6771525656.85821,0.03304006691445571,21.119639080176302,590366398.14009
472,2021-05-26,7868701215.98677,7194346788.7439,0.0688422428911295,21.188481323067432,674354427.2428694
473,2021-05-27,7851490034.19953,7112858939.13197,-0.002187296392989535,21.186294026674442,738631095.0675592
474,2021-05-28,7770168865.85014,7030130294.58485,-0.01035741852758787,21.175936608146856,740038571.2652893
475,2021-05-29,7374015147.75481,6610191963.32446,-0.0509839264673414,21.124952681679513,763823184.4303503
476,2021-05-30,7601473533.85503,6836176365.94603,0.03084593420851256,21.155798615888024,765297167.9090004
477,2021-05-31,8139501736.35297,7330866743.48594,0.07077946139017643,21.2265780772782,808634992.8670301
478,2021-01-06,8108661643.34497,7241010221.03901,-0.0037889411424609776,21.22278913613574,867651422.3059597
479,2021-02-06,8724257891.88359,7831675286.10812,0.07591835442336659,21.298707490559107,892582605.7754707
480,2021-03-06,9531753727.98342,8627238241.6458,0.09255753854446036,21.391265029103568,904515486.3376198
481,2021-04-06,9333005231.04483,8459257156.17673,-0.020851199329154024,21.370413829774414,873748074.8681002
482,2021-05-06,9549656403.62198,8691347294.18498,0.02321344167433792,21.39362727144875,858309109.4370003
483,2021-06-06,9798873221.12619,8917309527.925,0.026096940766338728,21.41972421221509,881563693.201191
484,2021-07-06,9845887195.98049,8952830581.25434,0.004797896022671111,21.42452210823776,893056614.7261505
485,2021-08-06,9649253328.20991,8830894887.94603,-0.019971168047797083,21.404550940189964,818358440.2638798
486,2021-09-06,9946189825.47915,9129054583.96654,0.030773002549444595,21.43532394273941,817135241.5126114
487,2021-10-06,9916881194.52456,9112596698.66379,-0.0029467194442146516,21.432377223295195,804284495.8607712
488,2021-11-06,9872716317.30136,9065523934.88781,-0.004453504721583901,21.42792371857361,807192382.4135494
489,2021-12-06,9968637548.17148,9162468870.58511,0.009715789230368532,21.43763950780398,806168677.5863705
490,2021-06-13,10280523423.0275,9449179871.58516,0.03128671028000496,21.468926218083983,831343551.4423409
491,2021-06-14,10644481937.467,9823484208.46917,0.0354027221633737,21.504328940247355,820997728.9978294
492,2021-06-15,10645549708.4458,9875219808.2198,0.00010031216033579149,21.50442925240769,770329900.2259998
493,2021-06-16,10477371822.2228,9636078121.14028,-0.015797952273857274,21.488631300133832,841293701.0825195
494,2021-06-17,10461165651.9317,9615652388.95101,-0.0015467781964868532,21.487084521937344,845513262.98069
495,2021-06-18,10149404590.6622,9249371363.56716,-0.029801751701726498,21.45728277023562,900033227.0950413
496,2021-06-19,10066823987.5834,9170778034.13127,-0.008136497302982382,21.449146272932637,896045953.4521313
497,2021-06-20,10205015810.3099,9279718892.3386,0.013727449977962047,21.4628737229106,925296917.9713001
498,2021-06-21,9287431240.66849,8424726081.3921,-0.08991505615448392,21.372958666756116,862705159.2763891
499,2021-06-22,8569582874.33994,7898281018.33743,-0.07729245554843867,21.295666211207678,671301856.0025101
500,2021-06-23,8908549898.88113,8253825572.26782,0.03955467022276715,21.335220881430445,654724326.6133099
501,2021-06-24,9072815093.47193,8414025609.35183,0.018439049728107948,21.353659931158553,658789484.1201
502,2021-06-25,8784910186.56264,8175879454.6985,-0.03173269861042838,21.321927232548123,609030731.8641396
503,2021-06-26,8794382352.33272,8203373960.70345,0.0010782313727657478,21.32300546392089,591008391.6292696
504,2021-06-27,8956342413.62917,8383357949.63026,0.01841630882167511,21.341421772742564,572984463.998909
505,2021-06-28,9141876653.06283,8601206419.35776,0.020715402657152326,21.362137175399717,540670233.7050705
506,2021-06-29,9204659612.76489,8732246213.06322,0.006867622708629062,21.369004798108346,472413399.7016716
507,2021-06-30,9349440988.69011,8888057062.14134,0.01572913958973965,21.384733937698087,461383926.548769
508,2021-01-07,9383580034.07636,8814024924.91228,0.0036514531112126214,21.3883853908093,569555109.1640816
509,2021-02-07,9565235631.59642,8919789815.51644,0.019358879751691704,21.407744270560993,645445816.0799809
510,2021-03-07,9787656014.22345,9099817891.10975,0.023252995659857945,21.43099726622085,687838123.113699
511,2021-04-07,10023803509.1834,9302377336.80423,0.02412707338884612,21.455124339609696,721426172.3791695
512,2021-05-07,9912948672.763,9175040511.31279,-0.011059158962846594,21.44406518064685,737908161.4502106
513,2021-06-07,10046790456.0703,9314109571.03747,0.013501712530303411,21.45756689317715,732680885.0328293
514,2021-07-07,9974369702.49568,9247477422.44534,-0.007208347172291463,21.45035854600486,726892280.0503407
515,2021-08-07,9711746299.70714,8969313681.97183,-0.026329824402120283,21.424028721602742,742432617.7353096
516,2021-09-07,9803658792.80473,9065976322.36727,0.00946405417328089,21.433492775776024,737682470.43746
517,2021-10-07,9697285570.43908,8958992862.79139,-0.01085035950493518,21.42264241627109,738292707.6476898
518,2021-11-07,9762357851.90651,9025813965.02633,0.006710360440017826,21.429352776711106,736543886.8801785
519,2021-12-07,9370796959.42535,8678466404.94281,-0.040109254180299314,21.389243522530805,692330554.4825401
520,2021-07-13,9122608656.67653,8454073728.16022,-0.02648529296104174,21.362758229569764,668534928.5163107
521,2021-07-14,9110155191.97619,8435352444.72469,-0.0013651210052977314,21.361393108564467,674802747.2515001
522,2021-07-15,8794048832.34351,8117354365.45042,-0.03469824091592788,21.326694867648538,676694466.8930893
523,2021-07-16,8716785201.88182,8039735845.12239,-0.008785899639028871,21.317908968009508,677049356.7594309
524,2021-07-17,8620425310.36259,7943352041.3159,-0.011054521740242906,21.306854446269266,677073269.046691
525,2021-07-18,8617252466.06368,7923967341.26249,-0.00036806122490218307,21.306486385044366,693285124.8011904
526,2021-07-19,8447880170.29659,7789849926.82863,-0.0196550230405933,21.286831362003774,658030243.4679594
527,2021-07-20,8328344589.42564,7690088153.96713,-0.014149772305157238,21.272681589698617,638256435.4585104
528,2021-07-21,8673846898.83918,8020159539.82389,0.041485112161691484,21.31416670186031,653687359.0152903
529,2021-07-22,8753967330.42512,8102952657.55798,0.009237012426016156,21.323403714286325,651014672.8671398
530,2021-07-23,8858501273.12562,8213384693.97556,0.011941322003474308,21.335345036289798,645116579.1500597
531,2021-07-24,9101867024.70836,8442751667.4572,0.02747256494967698,21.362817601239474,659115357.2511606
532,2021-07-25,9150164935.00376,8474230279.44279,0.005306373974074408,21.36812397521355,675934655.5609694
533,2021-07-26,9442785894.69225,8762804068.60823,0.031979856294073405,21.40010383150762,679981826.0840187
534,2021-07-27,9507415322.96643,8828967704.94183,0.006844317873447636,21.40694814938107,678447618.024601
535,2021-07-28,9504131362.74039,8817089984.78317,-0.0003454104101360267,21.406602738970932,687041377.9572201
536,2021-07-29,9628963657.28726,8925150650.73575,0.013134529583235466,21.41973726855417,703813006.5515099
537,2021-07-30,9733721624.04157,9074487842.10917,0.010879464341422507,21.43061673289559,659233781.9323997
538,2021-07-31,9801794171.77975,9113592117.58188,0.006993475914705227,21.437610208810295,688202054.1978703
539,2021-01-08,9749446609.63091,9084075512.97176,-0.005340610222111519,21.43226959858818,665371096.6591511
540,2021-02-08,9949110040.56389,9272048426.63993,0.020479462981595642,21.452749061569776,677061613.9239597
541,2021-03-08,9723553901.40638,9037810679.43203,-0.022670986473954713,21.43007807509582,685743221.97435
542,2021-04-08,9998075536.90091,9323984920.02469,0.028232643977509575,21.45831071907333,674090616.8762188
543,2021-05-08,9964679268.25781,9257410639.80599,-0.0033402696868852777,21.454970449386447,707268628.4518204
544,2021-06-08,10150507013.2586,9443430423.23426,0.01864864287130019,21.47361909225775,707076590.0243397
545,2021-07-08,10683084351.5538,9960182705.76963,0.052468052837119084,21.52608714509487,722901645.7841702
546,2021-08-08,10525133196.2115,9819331479.34791,-0.014785164110337368,21.511301980984534,705801716.8635902
547,2021-09-08,10860926140.2262,10135808840.6563,0.03190391396999792,21.543205894954532,725117299.5699005
548,2021-10-08,10951051085.008,10235651400.7232,0.008298090201350306,21.551503985155883,715399684.2847996
549,2021-11-08,10911917632.8863,10191924666.0555,-0.0035734882266482693,21.547930496929233,719992966.8307991
550,2021-12-08,10892902668.6964,10138634820.6437,-0.0017425868513333276,21.5461879100779,754267848.0527
551,2021-08-13,11530336104.6356,10767473261.1325,0.05851823479255258,21.604706144870452,762862843.5030994
552,2021-08-14,11460263617.27,10704653473.5869,-0.0060772285152578265,21.598628916355192,755610143.6830997
553,2021-08-15,11543259032.6448,10799445010.1656,0.007242016252551942,21.605870932607743,743814022.4792004
554,2021-08-16,11325656717.9092,10576951552.8234,-0.018851029342771497,21.587019903264974,748705165.0858002
555,2021-08-17,11020600095.5939,10311207570.0537,-0.026935005175718896,21.560084898089254,709392525.5402012
556,2021-08-18,11565602390.4858,10834031137.6004,0.0494530506655253,21.60953794875478,731571252.8853989
557,2021-08-19,11819101066.8313,11096906913.2554,0.02191832883292233,21.631456277587702,722194153.575901
558,2021-08-20,12112810627.3269,11386905835.9593,0.0248504144972459,21.656306692084947,725904791.3676014
559,2021-08-21,12155794167.3387,11452736608.985,0.0035486016692796163,21.659855293754227,703057558.3536987
560,2021-08-22,12124200439.2511,11440664892.1121,-0.0025990673791176366,21.657256226375107,683535547.1389999
561,2021-08-23,12400070090.3523,11711886955.594,0.022753636619871065,21.68000986299498,688183134.7583008
562,2021-08-24,12158650474.9979,11514322418.9167,-0.019469213770189397,21.66054064922479,644328056.0811996
563,2021-08-25,12254264037.1376,11615637473.1608,0.007863830145978135,21.668404479370768,638626563.976799
564,2021-08-26,12064373005.2091,11446056769.0941,-0.015495914838542624,21.652908564532225,618316236.1149998
565,2021-08-27,12395750259.8057,11779829286.7036,0.02746742449471018,21.680375989026935,615920973.1021004
566,2021-08-28,12564770942.4548,11950415990.0848,0.01363537334219811,21.69401136236913,614354952.3699989
567,2021-08-29,12522901751.065,11902252412.3088,-0.0033322685770839078,21.69067909379205,620649338.7562008
568,2021-08-30,12405019691.2376,11791658510.9728,-0.009413318268457593,21.681265775523592,613361180.264801
569,2021-08-31,12750026521.94,12129159041.6397,0.027811872878049426,21.709077648401642,620867480.3003006
570,2021-01-09,13489322937.5664,12804266582.8414,0.057983911982789405,21.76706156038443,685056354.7250004
571,2021-02-09,13647966148.8048,12953523606.1796,0.011760650402741435,21.778822210787173,694442542.6252003
572,2021-03-09,13801844967.213,13101990492.3461,0.01127485346391155,21.790097064251086,699854474.8668995
573,2021-04-09,13833761759.228,13127552651.7312,0.0023125018496310545,21.792409566100716,706209107.4968014
574,2021-05-09,14054273965.3927,13343825329.3462,0.015940147734408106,21.808349713835124,710448636.0464993
575,2021-06-09,14086439562.6255,13355456870.5639,0.002288670144897198,21.81063838398002,730982692.0615997
576,2021-07-09,13031828099.2315,12315450125.6516,-0.07486714145937357,21.735771242520645,716377973.5799007
577,2021-08-09,13234753345.6141,12588850463.8754,0.015571510369643882,21.751342752890288,645902881.738699
578,2021-09-09,12716527540.174,12010094074.9755,-0.03915643849999184,21.712186314390298,706433465.1984997
579,2021-10-09,12464497874.3376,11765562819.967,-0.019819063422792715,21.692367250967504,698935054.3706017
580,2021-11-09,12725614333.7735,12018616988.9813,0.02094881495174361,21.713316065919248,706997344.7922001
581,2021-12-09,13077147453.2884,12390946912.3899,0.02762405887014352,21.74094012478939,686200540.8985004
582,2021-09-13,12900114533.154,12190900280.419,-0.013537579259296662,21.727402545530094,709214252.7349987
583,2021-09-14,13294592152.7798,12568125047.0326,0.03057938893580925,21.757981934465903,726467105.7472
584,2021-09-15,14027446017.0754,13254286393.9701,0.05512420808955509,21.81310614255546,773159623.105299
585,2021-09-16,14236557608.6954,13402580360.861,0.014907317509220919,21.82801346006468,833977247.8344002
586,2021-09-17,14213015723.2034,13380293442.9845,-0.0016536220439709037,21.826359838020707,832722280.2188988
587,2021-09-18,14179680975.851,13363667065.1794,-0.0023453676546617563,21.824014470366045,816013910.6716003
588,2021-09-19,14077797370.7511,13276230072.1492,-0.007185183169735265,21.81682928719631,801567298.6019001
589,2021-09-20,13258192064.294,12480946830.681,-0.05821971185350072,21.75860957534281,777245233.6130009
590,2021-09-21,12678622749.292,11932856868.5571,-0.04371405333332401,21.714895522009485,745765880.7348995
591,2021-09-22,13388346271.887,12560806171.1927,0.05597796674206057,21.770873488751544,827540100.6942997
592,2021-09-23,13823503815.1088,12947262519.8212,0.03250271052038367,21.803376199271927,876241295.2876015
593,2021-09-24,13352967202.0224,12478707677.7167,-0.034038881847894054,21.769337317424032,874259524.3057003
594,2021-09-25,13456846817.0058,12575458055.0291,0.007779515474857668,21.77711683289889,881388761.9766998
595,2021-09-26,13761983402.2883,12866969625.8928,0.022675191999428135,21.79979202489832,895013776.3955002
596,2021-09-27,13579430779.6829,12734046405.9099,-0.013264993661818103,21.786527031236503,845384373.7729988
597,2021-09-28,13366448150.5816,12468346842.542,-0.015684208900711538,21.77084282233579,898101308.0396004
598,2021-09-29,13446319093.9719,12537856071.2436,0.005975479984697829,21.77681830232049,908463022.7283001
599,2021-09-30,13680499254.0992,12807449338.8304,0.017415930597116658,21.794234232917606,873049915.2687988
600,2021-01-10,14346088122.9259,13448288101.2954,0.04865238150042406,21.84288661441803,897800021.6304989
601,2021-02-10,14489019639.4631,13614937952.2421,0.0099631004154217,21.852849714833454,874081687.2210007
602,2021-03-10,14657832062.7283,13751171990.0509,0.011651059040972855,21.864500773874425,906660072.6774006
603,2021-04-10,14797090146.7188,13863593276.2814,0.009500592133580454,21.874001366008006,933496870.4373989
604,2021-05-10,15409551026.0056,14292853095.1164,0.04139062972611618,21.915391995734122,1116697930.8892002
605,2021-06-10,15449160412.0094,14284497032.6938,0.002570443871917627,21.91796243960604,1164663379.3155994
606,2021-07-10,15654371585.7851,14472037374.0487,0.013282998448004957,21.931245438054045,1182334211.7364006
607,2021-08-10,15770564279.9872,14546512645.7376,0.007422379976441018,21.938667818030485,1224051634.2495995
608,2021-09-10,15909366272.5276,14612973843.8276,0.008801333298932068,21.94746915132942,1296392428.6999989
609,2021-10-10,15971548164.4358,14565712747.1545,0.003908508412153289,21.95137765974157,1405835417.2813015
610,2021-11-10,15763588195.4177,14346581685.9273,-0.013020651904063318,21.938357007837507,1417006509.4904003
611,2021-12-10,15921362174.3785,14484388902.2653,0.0100087605058512,21.948365768343358,1436973272.1131992
612,2021-10-13,16047284494.524,14516406025.3403,0.00790901675160316,21.956274785094962,1530878469.1837006
613,2021-10-14,16375543078.297,14811863914.3029,0.02045570911919814,21.97673049421416,1563679163.9941006
614,2021-10-15,16895087543.9896,15311657212.4036,0.03172685407796738,22.008457348292126,1583430331.5859985
615,2021-10-16,17291199026.9107,15709731037.4819,0.023445364333848584,22.031902712625975,1581467989.4288025
616,2021-10-17,17135237705.9501,15532301579.3425,-0.009019693817523877,22.02288301880845,1602936126.6075993
617,2021-10-18,17354611083.3807,15716579374.5699,0.012802470627788498,22.03568548943624,1638031708.8107986
618,2021-10-19,17100679406.2465,15499600074.4842,-0.014631942825695021,22.021053546610545,1601079331.7623005
619,2021-10-20,17414558946.6594,15787045162.2434,0.01835479941798379,22.03940834602853,1627513784.4160004
620,2021-10-21,18098786649.6368,16497831953.0119,0.03929055596947251,22.078698901998003,1600954696.624899
621,2021-10-22,17768956238.1418,16247547277.9476,-0.018223896324100708,22.0604750056739,1521408960.1942005
622,2021-10-23,17562949065.4656,16073180395.9511,-0.011593656369865868,22.048881349304036,1489768669.5144997
623,2021-10-24,17926354261.5857,16399511771.0392,0.020691581736387965,22.069572931040423,1526842490.5465012
624,2021-10-25,17830053509.0954,16318744955.6014,-0.005372021052638787,22.064200909987782,1511308553.4940014
625,2021-10-26,18186385212.2919,16655621176.379,0.019984892530733545,22.084185802518515,1530764035.912901
626,2021-10-27,18539644260.924,16295950094.8961,0.01942436853219931,22.103610171050715,2243694166.0279007
627,2021-10-28,18264143173.788,16028585911.3301,-0.014860106443178922,22.088750064607535,2235557262.457899
628,2021-10-29,18920652591.3149,16683104949.9181,0.03594526232520434,22.124695326932738,2237547641.396799
629,2021-10-30,18981669015.2366,16808320727.7235,0.0032248583196177183,22.127920185252357,2173348287.5130997
630,2021-10-31,19283974827.711,16928066277.6976,0.015926197650572238,22.14384638290293,2355908550.013399
631,2021-01-11,19275353528.8976,16910947601.5776,-0.00044707063198456964,22.143399312270944,2364405927.319998
632,2021-02-11,19515849127.5873,17134767392.51,0.012476845020204186,22.155876157291146,2381081735.077299
633,2021-03-11,20042083749.4403,17658438559.3592,0.0269644747923945,22.18284063208354,2383645190.0811005
634,2021-04-11,20127849711.0752,17713657881.8943,0.004279293645666593,22.187119925729206,2414191829.1809006
635,2021-05-11,19796997827.9856,17403963436.8353,-0.016437517560932036,22.170682408168275,2393034391.150299
636,2021-06-11,19811418159.0081,17456844688.3476,0.0007284099916460285,22.17141081815992,2354573470.6604996
637,2021-07-11,20064776748.5943,17687744238.2035,0.012788513550757719,22.184199331710676,2377032510.3908005
638,2021-08-11,20781037490.2376,18357342914.4288,0.035697418945539905,22.219896750656215,2423694575.8087997
639,2021-09-11,21022188317.4565,18580335106.1934,0.01160436899900641,22.23150111965522,2441853211.2630997
640,2021-10-11,20915492059.6904,18531397489.3504,-0.005075411567762589,22.226425708087458,2384094570.34
641,2021-11-11,20528661949.5522,18146891524.8572,-0.01849490841689172,22.207930799670567,2381770424.6949997
642,2021-12-11,20865082142.3269,18470023722.8776,0.016387828568731333,22.2243186282393,2395058419.449299
643,2021-11-13,20842743096.1734,18406453502.7513,-0.001070642617226114,22.223247985622073,2436289593.4221
644,2021-11-14,21122222630.8896,18688216572.4925,0.013408961259399055,22.23665694688147,2434006058.3970985
645,2021-11-15,21292507560.1506,18833557305.6601,0.008061884974736255,22.244718831856208,2458950254.4905014
646,2021-11-16,20905443933.9006,18503234162.724,-0.018178395623745014,22.22654043623246,2402209771.1766014
647,2021-11-17,20353466166.2128,17772475041.7908,-0.026403542035895566,22.200136894196564,2580991124.422001
648,2021-11-18,20652471921.7111,18047804402.3859,0.014690655294608224,22.214827549491172,2604667519.325203
649,2021-11-19,20263226942.7937,17735819203.7044,-0.01884737964505856,22.195980169846113,2527407739.089302
650,2021-11-20,20726721224.6381,18226855646.6934,0.022873665835797752,22.218853835681912,2499865577.9446983
651,2021-11-21,21024594033.764,18504727324.476,0.014371438969894346,22.233225274651808,2519866709.287998
652,2021-11-22,20627678305.4622,18071012544.2635,-0.018878639352768567,22.21434663529904,2556665761.1987
653,2021-11-23,20229370480.9686,17689162392.8039,-0.01930938705729801,22.195037248241743,2540208088.1646996
654,2021-11-24,20710630214.7453,18091440736.0658,0.023790148795260757,22.218827397037003,2619189478.6795006
655,2021-11-25,20673837026.5958,18075990577.3007,-0.0017765363858076588,22.217050860651195,2597846449.2950974
656,2021-11-26,21131470755.3967,18496284618.5999,0.022135887412296995,22.239186748063492,2635186136.7968025
657,2021-11-27,20248566680.083,17652493238.0651,-0.04178147775578844,22.197405270307705,2596073442.0178986
658,2021-11-28,20169854795.9802,17558953388.8026,-0.0038872817689472594,22.19351798853876,2610901407.177601
659,2021-11-29,20529840898.8369,18031466368.1567,0.01784772902422893,22.211365717562987,2498374530.6801987
660,2021-11-30,21071065035.4379,18544008812.215,0.02636280228706811,22.237728519850055,2527056223.2229004
661,2021-01-12,21512403820.1771,18959432686.0608,0.02094525283828541,22.25867377268834,2552971134.1163025
662,2021-02-12,21479096121.5459,18933225769.1086,-0.0015483020358684207,22.257125470652472,2545870352.437298
663,2021-03-12,21475675815.345,18874292095.719,-0.00015923883302826347,22.256966231819444,2601383719.6259995
664,2021-04-12,20879271204.0403,18323624633.8124,-0.02777116848069361,22.22919506333875,2555646570.2278976
665,2021-05-12,20071785860.1131,17698515674.1225,-0.03867401960710892,22.190521043731643,2373270185.990597
666,2021-06-12,20179596873.7812,17805638188.0196,0.005371271615763229,22.195892315347407,2373958685.7616005
667,2021-07-12,20806093724.3785,18391549667.4428,0.031046053819404618,22.226938369166813,2414544056.9357033
668,2021-08-12,20896648940.709,18470594336.105,0.004352341075172239,22.231290710241986,2426054604.604
669,2021-09-12,21257617442.3629,18813128917.4766,0.017273989847754745,22.24856470008974,2444488524.886299
670,2021-10-12,20847635356.8638,18356107251.2033,-0.019286361070835367,22.229278339018904,2491528105.6604996
671,2021-11-12,20860338916.4997,18371883600.6083,0.0006093525437509406,22.229887691562656,2488455315.8913994
672,2021-12-12,21386648825.8091,18875355809.9421,0.025230170584290557,22.255117862146946,2511293015.8670006
673,2021-12-13,21622747965.9497,19091108481.1011,0.01103955753253305,22.26615741967948,2531639484.8485985
674,2021-12-14,20984550142.6408,18477977973.9392,-0.029515111784769288,22.236642307894712,2506572168.701599
675,2021-12-15,21063817967.0151,18576857641.712,0.0037774373925332227,22.240419745287245,2486960325.303097
676,2021-12-16,21531785885.7849,19048102331.2982,0.022216671237029084,22.262636416524273,2483683554.486702
677,2021-12-17,21468133023.9234,18970439615.8151,-0.0029562276997897596,22.259680188824483,2497693408.1082993
678,2021-12-18,21351351010.5703,18837287208.8754,-0.005439784317665675,22.254240404506817,2514063801.6949005
679,2021-12-19,21838388406.3902,19307175728.0897,0.022810612573358258,22.277051017080176,2531212678.300503
680,2021-12-20,21774352205.9811,19225960775.3843,-0.0029322768336863536,22.27411874024649,2548391430.596798
681,2021-12-21,21786445859.3482,19199521393.3874,0.0005554081817313872,22.274674148428222,2586924465.9608
682,2021-12-22,22108987194.8978,19465391477.818,0.014804678910543823,22.289478827338765,2643595717.0797997
683,2021-12-23,22114844059.3767,19451863459.6959,0.0002649087643531445,22.28974373610312,2662980599.6808014
684,2021-12-24,22720530115.9646,19995113740.4021,0.02738821286560622,22.317131948968726,2725416375.5625
685,2021-12-25,22667722502.6127,19938273052.8661,-0.002324224526556784,22.31480772444217,2729449449.746601
686,2021-12-26,23212298594.7915,20479659183.3228,0.024024296755707608,22.338832021197877,2732639411.4687004
687,2021-12-27,23320065319.799,20586228545.6229,0.004642656330109407,22.343474677527986,2733836774.1761017
688,2021-12-28,23295430273.0935,20567540970.4751,-0.0010563884091948639,22.34241828911879,2727889302.6183968
689,2021-12-29,22968484731.1407,20258348043.0645,-0.014034750082741465,22.328383539036047,2710136688.0762024
690,2021-12-30,23037219668.9779,20353998950.3681,0.002992576072900821,22.33137611510895,2683220718.6098022
691,2021-12-31,23073479403.6298,20373094984.6932,0.0015739631419464661,22.332950078250896,2700384418.9365997
692,2022-01-01,23247198884.156,20533979330.4015,0.007528967672681075,22.340479045923576,2713219553.7544975
693,2022-02-01,23814974559.6696,21077861105.3806,0.02442340164692136,22.364902447570497,2737113454.2890015
694,2022-03-01,23999100642.2165,21242324548.7538,0.007731525477197687,22.372633973047694,2756776093.4627
695,2022-04-01,24149202343.8207,21375704006.5602,0.0062544719421759876,22.37888844498987,2773498337.260502
696,2022-05-01,24297993413.0346,21579209621.3586,0.0061613243822924435,22.385049769372163,2718783791.6759987
697,2022-06-01,23845224982.2997,21166020014.4756,-0.018633984421611127,22.36641578495055,2679204967.8241005
698,2022-07-01,23505016463.2304,20843669730.8264,-0.014267364611650235,22.3521484203389,2661346732.4039993
699,2022-08-01,23038591881.0244,20462679890.211,-0.019843618613739067,22.33230480172516,2575911990.8134003
700,2022-09-01,22703349789.5722,20132764923.9669,-0.014551327319979102,22.317753474405183,2570584865.605301
701,2022-10-01,22815463092.3075,20245320620.66,0.004938183297814147,22.322691657702997,2570142471.647499
702,2022-11-01,22968394479.2002,20395779694.5547,0.00670297097516559,22.329394628678163,2572614784.6455
703,2022-12-01,23261546601.4793,20664554220.4847,0.012763283151749016,22.34215791182991,2596992380.994602
704,2022-01-13,23454373458.6886,20848995727.3739,0.008289511463396515,22.350447423293307,2605377731.3146973
705,2022-01-14,23436781725.3951,20857963090.954,-0.000750040640586036,22.34969738265272,2578818634.441101
706,2022-01-15,23382965166.4606,20855045405.8346,-0.0022962435527649205,22.347401139099958,2527919760.6260033
707,2022-01-16,23419705152.1463,20938694275.1328,0.001571228688241666,22.3489723677882,2481010877.0135
708,2022-01-17,23355529546.3804,20957289773.7124,-0.0027402396976812238,22.34623212809052,2398239772.668003
709,2022-01-18,23179400536.601,20788401232.3655,-0.00754121243235506,22.338690915658166,2390999304.2355003
710,2022-01-19,23063785655.95,20671139237.2641,-0.004987828760646407,22.33370308689752,2392646418.6859016
711,2022-01-20,22832696493.6637,20522244892.5101,-0.010019567721168299,22.32368351917635,2310451601.153599
712,2022-01-21,22362572590.8748,20102902365.1264,-0.020589942275077378,22.303093576901272,2259670225.7484016
713,2022-01-22,20747769363.1316,18697288415.8769,-0.07221008321744404,22.230883493683827,2050480947.2546997
714,2022-01-23,19520067932.4223,17337815602.9901,-0.05917269510865608,22.17171079857517,2182252329.4321976
715,2022-01-24,19462954457.6034,17320261975.3293,-0.0029258850438749207,22.168784913531294,2142692482.2741013
716,2022-01-25,18943837427.9516,16885282295.6951,-0.026672056947089184,22.142112856584205,2058555132.2564983
717,2022-01-26,19379065443.5315,17240427007.9964,0.022974648997870162,22.165087505582076,2138638435.5351028
718,2022-01-27,19452807168.1026,17281333563.3017,0.003805226045908938,22.168892731627984,2171473604.8008995
719,2022-01-28,17302133239.7885,15195938231.008,-0.1105585384016261,22.058334193226358,2106195008.7805023
720,2022-01-29,16825457344.6991,14695037155.4023,-0.027550122778688513,22.03078407044767,2130420189.2968006
721,2022-01-30,17121127106.0102,14960777920.1505,0.01757276222891213,22.048356832676582,2160349185.859701
722,2022-01-31,17197457677.9284,15023321133.1191,0.004458267930935511,22.052815100607518,2174136544.8092976
723,2022-01-02,17569797132.0542,15395808303.2231,0.021650842880321264,22.074465943487837,2173988828.8310986
724,2022-02-02,18050126915.0497,15707712990.2287,0.027338379571793192,22.101804323059632,2342413924.821001
725,2022-03-02,17859736673.9943,15502071714.4699,-0.010547861627314026,22.09125646143232,2357664959.5244007
726,2022-04-02,18140571842.7265,15775957750.3061,0.01572448540863025,22.10698094684095,2364614092.4204006
727,2022-05-02,18965338164.7725,16533226555.7839,0.04546528793008742,22.152446234771038,2432111608.9886
728,2022-06-02,19156898528.9707,16694048655.1956,0.010100550938449304,22.162546785709488,2462849873.775099
729,2022-07-02,19329333498.4787,16845182214.7671,0.009001194491228715,22.171547980200717,2484151283.7115993
730,2022-08-02,19436904677.8478,16940403746.2513,0.0055651778876684155,22.177113158088385,2496500931.5965004
731,2022-09-02,19587762903.2752,16985526364.8783,0.007761432590618789,22.184874590679005,2602236538.3969
732,2022-10-02,19937965979.7197,17275115170.4319,0.017878666296595958,22.2027532569756,2662850809.2878
733,2022-11-02,19835171947.6949,17155260117.3997,-0.005155693019506469,22.197597563956094,2679911830.2952003
734,2022-12-02,19673822645.9773,16960616428.9501,-0.008134504815137333,22.189463059140955,2713206217.027199
735,2022-02-13,19624390597.7225,16922111560.0342,-0.0025125797433630526,22.18695047939759,2702279037.688299
736,2022-02-14,19548314292.3765,16838220151.3816,-0.003876620013608445,22.18307385938398,2710094140.9948997
737,2022-02-15,19433599424.7941,16720728493.1727,-0.005868274157385223,22.177205585226595,2712870931.621401
738,2022-02-16,19876632310.3616,17176751460.2407,0.02279726343449573,22.20000284866109,2699880850.120899
739,2022-02-17,19863330901.0368,17150888077.8951,-0.0006691983388888989,22.1993336503222,2712442823.1417007
740,2022-02-18,19487744399.7121,16838618137.6412,-0.01890853569302897,22.18042511462917,2649126262.070902
