Date,Symbol,AVG Price,High,Low
2022-02-28,BTC,37886.359928568,38084.522660615,37629.586117437
2022-02-27,BTC,38715.774958409,39489.600602781,37563.66164386
2022-02-26,BTC,39241.385489583,39754.015997306,38882.801173014
2022-02-25,BTC,38817.909323772,39373.737857969,38299.897755976
2022-02-24,BTC,36136.661524995,38352.447637501,34809.889638456
2022-02-23,BTC,38254.384757761,39062.313615258,37397.734120818
2022-02-22,BTC,37396.923624263,38094.12523601,36638.744119442
2022-02-21,BTC,38525.450600411,39318.355362374,37277.332177173
2022-02-20,BTC,38777.930221946,40015.11737097,38191.447346183
2022-02-19,BTC,40070.363183837,40316.965640169,39792.472890211
2022-02-18,BTC,40452.681901117,40896.315509056,39951.459394793
2022-02-17,BTC,42692.999688438,44088.7992405,40668.386650304
2022-02-16,BTC,44022.295263601,44363.720770013,43569.444189685
2022-02-15,BTC,43893.32186736,44338.701469658,42551.466188445
2022-02-14,BTC,42225.476319947,42649.572414169,41771.483391879
2022-02-13,BTC,42332.247946008,42560.607206703,42033.80973355
2022-02-12,BTC,42327.106653844,42782.591256143,42016.100198277
2022-02-11,BTC,43168.736358068,43666.885431301,42287.735802524
2022-02-10,BTC,44298.958804915,45312.18665452,43595.808218081
2022-02-09,BTC,43959.828029887,44649.753660273,43454.387078419
2022-02-08,BTC,43846.825526774,44819.344257213,43014.777188651
2022-02-07,BTC,43044.451827339,44083.037167583,41950.251975031
2022-02-06,BTC,41587.740533767,42020.375439513,41392.404859896
2022-02-05,BTC,41499.343157753,41671.101687808,41306.509314369
2022-02-04,BTC,38632.712208799,40679.662802924,37163.615700706
2022-02-03,BTC,36822.309278495,37074.71462322,36519.013913838
2022-02-02,BTC,38109.22479163,38730.275990391,37078.690787144
2022-02-01,BTC,38569.28750538,38850.719939106,38297.316125845
2022-01-31,BTC,37571.375619924,38513.571005279,36914.098053848
2022-01-30,BTC,37982.804591695,38207.441534091,37642.576812022
2022-01-29,BTC,37854.470896345,38486.563514331,37552.977850982
2022-01-28,BTC,37053.257208204,37893.449570612,36436.339762891
2022-01-27,BTC,36284.401809814,36945.099404819,35706.974685799
2022-01-26,BTC,37481.563724305,38284.744024373,36499.151643767
2022-01-25,BTC,36523.755808706,37324.445755599,35922.105538174
2022-01-24,BTC,35116.883218916,36963.209729953,33468.040143868
2022-01-23,BTC,35445.384842905,36105.619484158,35002.465374154
2022-01-22,BTC,35540.962906667,36513.635654184,34592.549939278
2022-01-21,BTC,38691.770418628,40827.699012841,36342.588988014
2022-01-20,BTC,42226.968433686,43276.396154899,40969.15113725
2022-01-19,BTC,41918.045659454,42390.37671281,41327.051081209
2022-01-18,BTC,41941.346460253,42384.030095426,41509.725821039
2022-01-17,BTC,42577.978521429,43114.573632617,41915.824330817
2022-01-16,BTC,43147.25602226,43356.958948262,42967.750109053
2022-01-15,BTC,43165.347558327,43506.085011155,42908.035084977
2022-01-14,BTC,42784.206796155,43253.363925402,42099.81697085
2022-01-13,BTC,43463.565243914,44091.435358193,42669.71936955
2022-01-12,BTC,43225.244111673,43937.935064805,42623.31963684
2022-01-11,BTC,42215.468597667,42881.933389175,41676.414491562
2022-01-10,BTC,41627.958476727,42132.250641518,40450.761779777
2022-01-09,BTC,41927.955705208,42481.175118444,41572.41290139
2022-01-08,BTC,41736.73182389,42110.337021551,40825.407128572
2022-01-07,BTC,42040.737556193,42956.99518102,41489.864664282
2022-01-06,BTC,43123.071684576,43599.867023385,42772.405347967
2022-01-05,BTC,45938.333695482,46758.571867325,43312.551087525
2022-01-04,BTC,46485.941376543,47245.793530351,46138.248416479
2022-01-03,BTC,46896.985605341,47308.084722864,46111.133450316
2022-01-02,BTC,47301.979116739,47659.569934385,47078.737522427
2022-01-01,BTC,47128.147696458,47634.838083166,46514.827510594
2021-12-31,BTC,47385.972533487,48366.38640119,46141.421104405
2021-12-30,BTC,47444.793759297,47987.976855626,46932.005403816
2021-12-29,BTC,47824.363944196,48191.637118048,47121.420953337
2021-12-28,BTC,49053.198350147,50482.54999088,47876.566734501
2021-12-27,BTC,50994.860722387,51552.313599496,50638.230235865
2021-12-26,BTC,50312.920705817,50879.419289295,50031.007915879
2021-12-25,BTC,50855.938702903,51062.105970259,50558.666614385
2021-12-24,BTC,51002.862474011,51343.592186804,50745.029821959
2021-12-23,BTC,48981.04643257,50825.845132618,48117.449298581
2021-12-22,BTC,48780.048111161,49010.0393628,48439.468237659
2021-12-21,BTC,48113.082978367,48737.145413603,46799.07290433
2021-12-20,BTC,46354.908710139,47130.9836129,45726.097081445
2021-12-19,BTC,47089.209227,47676.917482289,46600.578972852
2021-12-18,BTC,46582.064407357,47029.486965571,45833.49459491
2021-12-17,BTC,47020.625740724,47738.867768735,46067.756532277
2021-12-16,BTC,48440.016268082,48890.577097744,47656.477719613
2021-12-15,BTC,48169.168089736,49171.437051867,46824.510809102
2021-12-14,BTC,47176.140179737,48263.13265514,46662.836804074
2021-12-13,BTC,48020.492295204,49748.867743597,46400.984068936
2021-12-12,BTC,49287.381210659,50142.812088348,48621.740140641
2021-12-11,BTC,48267.753266724,48857.778455725,47406.509386689
2021-12-10,BTC,48036.159063056,49218.322399232,47396.172188876
2021-12-09,BTC,48968.146978433,50473.279133886,47397.320644541
2021-12-08,BTC,50174.71399637,50494.272632293,49140.817803442
2021-12-07,BTC,50808.084462352,51404.22754239,50275.433147004
2021-12-06,BTC,48747.447676298,50355.047775709,47508.68564113
2021-12-05,BTC,48984.414239864,49463.173705303,48207.34760283
2021-12-04,BTC,48886.831550581,53002.220046144,46954.814430348
2021-12-03,BTC,55469.470435385,56617.392634133,52970.508424053
2021-12-02,BTC,56109.842671091,56592.22711998,55766.609787618
2021-12-01,BTC,56865.753446731,57987.070796551,56334.435148468
2021-11-30,BTC,56919.625416734,57979.189805139,56074.151534566
2021-11-29,BTC,57101.063040822,57851.084335228,56658.959226882
2021-11-28,BTC,54209.334017691,56478.668529889,53600.509442966
2021-11-27,BTC,54361.206251616,54741.546272915,53783.434979754
2021-11-26,BTC,55501.020829807,58861.331959475,53662.925572372
2021-11-25,BTC,57979.959006034,58907.317203757,56987.661288577
2021-11-24,BTC,56577.340207673,57406.976014122,55994.384957732
2021-11-23,BTC,56685.11955073,57411.020768522,55915.131665244
2021-11-22,BTC,57182.854525766,58221.915528342,55719.58774526
2021-11-21,BTC,59166.131176943,59594.989083275,58837.251627058
2021-11-20,BTC,58619.809611826,59631.467886411,57711.914631116
2021-11-19,BTC,56881.07992129,57916.253872232,55707.436080536
2021-11-18,BTC,58756.628287762,60373.055133383,56263.370742954
2021-11-17,BTC,59466.216951427,60042.250663163,58692.384213131
2021-11-16,BTC,60470.968261849,62927.479413703,59156.137926161
2021-11-15,BTC,65016.09637821,65781.247050792,63681.365116997
2021-11-14,BTC,64810.767512811,65618.967088207,63677.496640914
2021-11-13,BTC,64568.934495787,65381.854673401,63933.128704986
2021-11-12,BTC,64406.835860763,65347.406664229,63257.06574099
2021-11-11,BTC,64800.462395305,65213.039639735,64394.541545182
2021-11-10,BTC,67045.289700103,70028.567752137,64395.401186465
2021-11-09,BTC,67618.451094429,68360.068188635,66637.044016869
2021-11-08,BTC,65609.924676177,67238.981150063,64276.780342767
2021-11-07,BTC,62253.433094277,63042.600172543,61598.385916305
2021-11-06,BTC,61116.170659524,61543.268654817,60563.690174297
2021-11-05,BTC,61655.881289307,62462.137549105,61116.141686223
2021-11-04,BTC,61916.553159499,62972.398306112,61100.540563969
2021-11-03,BTC,62870.383049837,63273.211752258,62005.462757568
2021-11-02,BTC,62557.395550924,63844.324796419,61048.863139363
2021-11-01,BTC,61337.486751461,62158.459729489,60303.250843466
2021-10-31,BTC,61179.434140489,62361.435935669,60458.337802837
2021-10-30,BTC,61700.741166222,62216.735600832,61370.889322833
2021-10-29,BTC,61691.073577099,62769.794580465,60878.089822813
2021-10-28,BTC,60376.319494986,61854.360575518,58639.635230138
2021-10-27,BTC,59583.195531045,61324.497760769,58585.645230684
2021-10-26,BTC,62466.623065205,63229.774722507,60533.54151697
2021-10-25,BTC,62746.249430202,63725.745089986,61133.874709909
2021-10-24,BTC,60825.926131145,61497.711899851,60032.872091056
2021-10-23,BTC,61226.029013891,61686.206330375,60687.303835138
2021-10-22,BTC,62327.888337682,63592.751788619,60593.289403911
2021-10-21,BTC,64504.433135862,66417.934046259,62601.813098634
2021-10-20,BTC,65032.961870315,66722.887381285,63876.588588688
2021-10-19,BTC,62797.914579329,64215.297184926,61898.358377948
2021-10-18,BTC,61874.914546281,62529.36377473,61013.629618381
2021-10-17,BTC,60924.23171982,61349.192011315,59839.571972609
2021-10-16,BTC,61307.994679695,61885.964729738,60587.480878802
2021-10-15,BTC,59886.437874719,61740.696783433,57228.943482579
2021-10-14,BTC,57777.294094936,58405.145904748,57288.849128639
2021-10-13,BTC,56164.305014678,57622.820831289,54824.765072765
2021-10-12,BTC,56761.541376891,57568.471040469,55442.869656135
2021-10-11,BTC,56792.212046061,57633.552771225,54873.764763878
2021-10-10,BTC,55213.889391113,55834.038259189,54576.23088547
2021-10-09,BTC,54787.353936249,55249.828254295,54072.267691456
2021-10-08,BTC,54497.462231347,55522.999948669,53855.225537354
2021-10-07,BTC,54444.621970962,55133.196331454,53929.754445144
2021-10-06,BTC,52992.049997945,55312.87119824,50713.689867424
2021-10-05,BTC,50105.831565502,51710.98097624,49224.653710145
2021-10-04,BTC,48199.882954972,49344.397552922,47536.971414292
2021-10-03,BTC,48077.034150428,49082.214585158,47412.032484642
2021-10-02,BTC,47894.302328415,48200.630412517,47654.350240041
2021-10-01,BTC,46086.796178337,48336.405655828,43556.372688166
2021-09-30,BTC,43298.229266859,43888.319297783,41814.166607333
2021-09-29,BTC,41877.319835883,42471.692527242,41118.615585843
2021-09-28,BTC,41979.291018028,42707.105605706,41336.571001846
2021-09-27,BTC,43554.651438974,44167.291913943,42808.835438405
2021-09-26,BTC,42839.921201628,43666.182869446,41410.617784963
2021-09-25,BTC,42630.571215501,42833.428683607,42172.868478033
2021-09-24,BTC,43590.085046327,44819.188439159,42069.066908902
2021-09-23,BTC,43918.822816701,44867.488777489,43245.855386587
2021-09-22,BTC,43121.90448656,43692.318275678,42071.695437558
2021-09-21,BTC,42673.935054019,43479.659853511,40745.707732291
2021-09-20,BTC,44646.135315279,47141.930958498,42927.605021696
2021-09-19,BTC,47771.936689372,48212.674761792,47190.877480133
2021-09-18,BTC,48269.973510569,48749.366074448,47251.159449586
2021-09-17,BTC,47603.032772208,48131.605621119,47043.97583049
2021-09-16,BTC,47907.463153218,48431.700293954,47230.362941435
2021-09-15,BTC,47646.430657314,48383.120015967,46987.518010239
2021-09-14,BTC,46076.087819148,47122.119922535,45128.808674689
2021-09-13,BTC,44851.167221446,46157.100852021,44298.177738926
2021-09-12,BTC,45702.625557705,46242.948816317,44947.103386775
2021-09-11,BTC,45453.21479362,45828.083674675,45059.262859233
2021-09-10,BTC,45970.97176243,46913.721489092,44610.987979705
2021-09-09,BTC,46503.99392838,47115.264353187,46076.909689141
2021-09-08,BTC,46406.3402794,47340.468722009,45257.491208973
2021-09-07,BTC,50008.44014195,52711.349757116,46578.353620444
2021-09-06,BTC,51762.218364634,52476.849627296,51343.520616947
2021-09-05,BTC,50393.330082633,51690.706696144,49817.486618205
2021-09-04,BTC,50122.914702692,50375.989677841,49711.929001547
2021-09-03,BTC,49920.240405007,50705.339007065,48741.907148079
2021-09-02,BTC,49632.517349811,50027.433528395,48828.084961548
2021-09-01,BTC,47745.274865932,48739.171283979,46763.502935204
2021-08-31,BTC,47385.00728171,48059.804499449,46939.974708091
2021-08-30,BTC,48148.966347955,48760.882522414,47289.587430984
2021-08-29,BTC,48694.205687212,49455.132792903,48177.033850208
2021-08-28,BTC,48898.460292511,49135.944167715,48656.96193288
2021-08-27,BTC,47748.959669773,49003.072951359,46761.237522177
2021-08-26,BTC,47377.450690324,49086.27119104,46816.302047611
2021-08-25,BTC,48259.96163327,48985.83222369,47398.200531878
2021-08-24,BTC,48926.672902214,49767.551951708,48061.654614396
2021-08-23,BTC,49891.241073846,50344.785180063,49281.984061765
2021-08-22,BTC,48913.5762953,49354.32347677,48448.560015779
2021-08-21,BTC,49011.521149175,49537.464867283,48543.79190902
2021-08-20,BTC,47683.242523593,49167.972132785,46764.886863673
2021-08-19,BTC,45200.637774387,46652.062901457,44214.693007209
2021-08-18,BTC,45140.497508465,45835.014769885,44660.35849267
2021-08-17,BTC,45971.322639629,46938.408770223,44735.567174981
2021-08-16,BTC,46902.832111997,47621.065259638,45871.077167979
2021-08-15,BTC,46444.146847491,47255.500475137,45798.132059669
2021-08-14,BTC,47112.604480833,47719.515486207,46353.560596109
2021-08-13,BTC,46161.586492759,47652.045029127,44502.360439423
2021-08-12,BTC,44926.827472245,46120.301033625,44058.066411994
2021-08-11,BTC,46065.984225472,46586.544593206,45539.004074865
2021-08-10,BTC,45638.582813502,46118.732060683,44990.357691306
2021-08-09,BTC,44860.89029229,46263.560629267,43163.042182204
2021-08-08,BTC,44325.488899119,45021.68204111,43633.864275959
2021-08-07,BTC,43540.081287329,44215.587884425,42763.703145782
2021-08-06,BTC,40706.410159631,42934,39042.445100301
2021-08-05,BTC,39414.971861279,40968.920543607,37924
2021-08-04,BTC,38773.283686617,39988.5,37804.280044746
2021-08-03,BTC,38673.59163715,39280.03784729,38068.103023062
2021-08-02,BTC,39593.177762867,40215.835129894,38966.110425297
2021-08-01,BTC,41485.67425985,42302.826502768,40042.427513771
2021-07-31,BTC,41564.016894191,41983.110851718,41201.635987099
2021-07-30,BTC,39631.047207388,41485.65419049,38602.321695116
2021-07-29,BTC,39888.087318627,40331.950093031,39575.221595305
2021-07-28,BTC,39799.020201922,40387.612824148,39088.178674489
2021-07-27,BTC,37655.662746111,38924.303157185,36682.56011839
2021-07-26,BTC,38260.198926128,39916.996498,35658.809232718
2021-07-25,BTC,34374.655754935,34895.216619502,34039.448320599
2021-07-24,BTC,33883.553125471,34403.521565966,33549.030147621
2021-07-23,BTC,32520.731398356,33334.448594378,32151.493807119
2021-07-22,BTC,32151.725833527,32413.711245321,31875.333183541
2021-07-21,BTC,31150.062065369,32147.45794048,29677.01207195
2021-07-20,BTC,29885.666059378,30903.132062598,29602.330580748
2021-07-19,BTC,31208.953679745,31822.733856539,30678.788590025
2021-07-18,BTC,31811.788655255,32245.549819023,31425.860204964
2021-07-17,BTC,31595.98154491,31856.389007155,31347.072860862
2021-07-16,BTC,31808.05696564,32114.940482664,31305
2021-07-15,BTC,32155.906010969,33023.553228455,31410.94603908
2021-07-14,BTC,32522.65067251,32959.126373174,31887.656065995
2021-07-13,BTC,32910.550434217,33281.459693756,32465.885816137
2021-07-12,BTC,33752.788179892,34499.75573106,32895.649595954
2021-07-11,BTC,33863.676931488,34521.146180208,33487.161056762
2021-07-10,BTC,33745.29842555,34142.701493133,33340.075324075
2021-07-09,BTC,33195.368442495,33985.437831645,32521.975898668
2021-07-08,BTC,32935.713071493,33547.333101449,32456.968487322
2021-07-07,BTC,34593.810964306,34908.320649311,34037.387038408
2021-07-06,BTC,34210.033281259,34888.696074157,33896.463844973
2021-07-05,BTC,34165.798817142,35005.679405064,33588.809780594
2021-07-04,BTC,35298.264544029,35712.005146048,34498.768311201
2021-07-03,BTC,34332.668383941,34767.268818513,33497.919343222
2021-07-02,BTC,33338.515829575,33797.881799016,32880.217571569
2021-07-01,BTC,33795.726230414,34968.610240838,33189.734548845
2021-06-30,BTC,34980.214269511,36034.635820773,34284.982132836
2021-06-29,BTC,35588.09138736,36426.092776959,34485.364164697
2021-06-28,BTC,34517.95178641,34970.602548224,34195.066631449
2021-06-27,BTC,33113.768174927,34471.616018327,32436.121218366
2021-06-26,BTC,31527.804802178,32332.276691964,30526.478185025
2021-06-25,BTC,33404.623530205,35181.528794846,31446.646497544
2021-06-24,BTC,33791.761720648,34960.182906301,32633.63386758
2021-06-23,BTC,33770.714070892,34468.534552767,32637.349387402
2021-06-22,BTC,32048.218036287,32962.898370889,29734.678285624
2021-06-21,BTC,33182.68777833,35464.894275272,31779.972228019
2021-06-20,BTC,35118.282646312,35861.668421539,33698.949533168
2021-06-19,BTC,35871.189264245,36270.358195576,35272.931690688
2021-06-18,BTC,37085.361123808,38107.011108502,35507.417002403
2021-06-17,BTC,38660.304584662,39404.291395024,37741.400289869
2021-06-16,BTC,39493.754578515,40396.340263073,38367.372346941
2021-06-15,BTC,40270.735496161,41081.969280372,39962.472161733
2021-06-14,BTC,39649.284487917,40697.691944793,38957.284647789
2021-06-13,BTC,36395.985295355,39068.741565428,34955.276714784
2021-06-12,BTC,35872.908281252,37175.424454299,35401.047458858
2021-06-11,BTC,37017.331826908,37524.387211106,36257.349945105
2021-06-10,BTC,37026.511763116,38018.954820862,36230.394088486
2021-06-09,BTC,34876.333098909,37312.262436594,32636.366965646
2021-06-08,BTC,32924.511311924,33759.429705205,31506.813210866
2021-06-07,BTC,35946.676611533,36722.478133263,33985.23577282
2021-06-06,BTC,35977.702830735,36281.97684749,35473.597614274
2021-06-05,BTC,36634.068848837,37888.173098807,35187.250002968
2021-06-04,BTC,37105.780198384,38858.933995247,36250.121943541
2021-06-03,BTC,38562.741998649,39393.224278707,37298.603277413
2021-06-02,BTC,37304.386190137,38062.471061274,36122.063968516
2021-06-01,BTC,36599.312586778,37626.927972797,36001.174924251
2021-05-31,BTC,36205.768796499,37271.124746575,34497.292960929
2021-05-30,BTC,35509.297136647,36197.522867952,33881.320713287
2021-05-29,BTC,35286.813510803,36867.018906911,33946.227894715
2021-05-28,BTC,36659.42388697,38436.229252017,35189.021169886
2021-05-27,BTC,38815.82687211,40174.689487579,37523.59915522
2021-05-26,BTC,39335.472556473,40522.479593905,38292.767597052
2021-05-25,BTC,38149.550161635,39437.958984422,36945.406260917
2021-05-24,BTC,37061.732912479,39322.877681326,35094.513252335
2021-05-23,BTC,35078.302914361,38198.828161947,32072.325284353
2021-05-22,BTC,37534.040077942,38508.658414491,36043.499382231
2021-05-21,BTC,39148.031238416,41788.707145216,35503.78726363
2021-05-20,BTC,39891.268715283,42199.218762966,36680.884963816
2021-05-19,BTC,39047.665458214,43048.676885341,33470.636595938
2021-05-18,BTC,44291.839511291,45527.185954269,42791.992209994
2021-05-17,BTC,44378.981771923,46207.779646209,42714.970398228
2021-05-16,BTC,47760.64830342,49469.432537868,44771.827112177
2021-05-15,BTC,48856.339430135,50273.097540381,47531.833531199
2021-05-14,BTC,50249.453690947,51490.404123699,49319.252495266
2021-05-13,BTC,49845.459841953,51150.876282708,48057.34875915
2021-05-12,BTC,56084.092336611,57585.939339965,51797.601362695
2021-05-11,BTC,56074.44300637,56943.610070412,55267.817894161
2021-05-10,BTC,57848.552405726,59369.280089806,55410.040953183
2021-05-09,BTC,58103.866502232,59075.664719939,57067.086412629
2021-05-08,BTC,58668.820241903,59450.702163989,57543.788915881
2021-05-07,BTC,56912.72130044,58380.577684993,55681.817862256
2021-05-06,BTC,57069.211813745,58035.592655639,55888.465878802
2021-05-05,BTC,55942.436071784,57656.552173736,54124.45494134
2021-05-04,BTC,55376.928116543,56733.237904252,53890.799058641
2021-05-03,BTC,58035.305121064,58920.983361527,57007.566004954
2021-05-02,BTC,56940.587569886,57606.057649432,56463.144518126
2021-05-01,BTC,57818.374867691,58315.598595672,57278.547154402
2021-04-30,BTC,55215.939524484,57404.635101257,53454.991325298
2021-04-29,BTC,53924.769778445,54926.811964122,52793.067520038
2021-04-28,BTC,54816.443299692,55583.676732435,54147.806661527
2021-04-27,BTC,54656.678056222,55229.196764781,53589.025525001
2021-04-26,BTC,53017.080058393,54062.223364435,50268.460659163
2021-04-25,BTC,49738.535389729,50466.092263655,47991.126722186
2021-04-24,BTC,50060.524604915,50911.01247531,49118.097322817
2021-04-23,BTC,49890.02947626,51815.7960762,48293.357345605
2021-04-22,BTC,53919.134540414,55187.418026111,51553.616675386
2021-04-21,BTC,55519.243671911,56411.5607079,54122.909039494
2021-04-20,BTC,55641.88144215,56858.514093218,54014.06838488
2021-04-19,BTC,56292.115572078,57083.316843808,54959.513431787
2021-04-18,BTC,56374.159294331,60613.5500852,54177.237782365
2021-04-17,BTC,61554.856812206,62428.515126466,60664.666346492
2021-04-16,BTC,61824.890798184,63368.140725971,60620.162882873
2021-04-15,BTC,63119.609027729,63711.367474073,62344.472667031
2021-04-14,BTC,63550.177682331,64611.125397894,62117.921180913
2021-04-13,BTC,62173.160467912,63340.991881646,60266.1035917
2021-04-12,BTC,60178.718030216,60862.227633158,59797.784649701
2021-04-11,BTC,59896.989530594,60491.195460177,59476.813416743
2021-04-10,BTC,59929.112334293,60819.018788072,58231.392838685
2021-04-09,BTC,58299.506523769,58680.998730273,57948.754442285
2021-04-08,BTC,57286.783657541,58149.620326664,56267.169973254
2021-04-07,BTC,56950.381594535,58041.40947988,55917.366744557
2021-04-06,BTC,58394.210295846,59014.847152616,57768.926078917
2021-04-05,BTC,58224.881497108,59178.079713887,57293.937100339
2021-04-04,BTC,58213.924843744,58781.879691531,57396.087003035
2021-04-03,BTC,59240.195795193,59754.035224397,57907.558568045
2021-04-02,BTC,59573.870375527,59952.883161921,58999.574309175
2021-04-01,BTC,59141.002501452,59473.929561647,58607.049772695
2021-03-31,BTC,58916.233585406,59562.00683896,57994.639671202
2021-03-30,BTC,58495.476546454,59342.846394044,57428.018853976
2021-03-29,BTC,57057.447530079,58163.899585332,55334.486915309
2021-03-28,BTC,56013.327149124,56553.626831569,55229.209667199
2021-03-27,BTC,54166.754462552,56444.676888218,53251.997966168
2021-03-26,BTC,53284.986209588,54836.141627197,52106.395643717
2021-03-25,BTC,52288.182148412,53147.838280958,51077.890010416
2021-03-24,BTC,55303.317622649,56953.920522125,52920.177275386
2021-03-23,BTC,54813.926205243,55797.63585619,53569.802569882
2021-03-22,BTC,56958.019567011,58030.3000251,54556.877193813
2021-03-21,BTC,57422.078444863,58673.268453561,56237.445302461
2021-03-20,BTC,59008.679614787,59697.602102998,58478.495455826
2021-03-19,BTC,58448.994367582,59113.386001646,57157.168148399
2021-03-18,BTC,58558.088631235,59711.290761218,56833.227127111
2021-03-17,BTC,56328.496847152,58727.336096947,55245.981674043
2021-03-16,BTC,55249.140648144,56401.809117245,53925.675871692
2021-03-15,BTC,57479.668441619,60144.68812663,55852.002489204
2021-03-14,BTC,60409.555904031,61221.032975951,59716.656136612
2021-03-13,BTC,58747.803085631,61111.197091695,56418.552333665
2021-03-12,BTC,56846.915374612,57435.779929683,55761.858706598
2021-03-11,BTC,56228.286659887,57895.137085953,54715.633518375
2021-03-10,BTC,55221.768368589,56927.066350845,53544.721590834
2021-03-09,BTC,53901.153371059,54542.805322473,52156.645936452
2021-03-08,BTC,50850.688826818,51956.708778669,49845.297469215
2021-03-07,BTC,50221.017643649,51002.626685964,49131.948567489
2021-03-06,BTC,48419.833304729,49023.065870271,47444.442301812
2021-03-05,BTC,47653.643676187,49105.144956233,46510.894002082
2021-03-04,BTC,50233.249653066,51436.331838905,47923.41917598
2021-03-03,BTC,50409.124802523,51919.815803755,48419.704716396
2021-03-02,BTC,48613.948460494,49772.176844594,47413.957206433
2021-03-01,BTC,47531.338030765,49475.230410041,45839.648907016
2021-02-28,BTC,44871.779055674,46169.77123405,43807.967778438
2021-02-27,BTC,47118.801093668,47768.393624504,45764.041323326
2021-02-26,BTC,46617.257029561,47917.345863009,45347.920039689
2021-02-25,BTC,49989.849093823,51410.389297577,47823.499767796
2021-02-24,BTC,49815.010447266,50961.738315372,47865.695384967
2021-02-23,BTC,48882.335257465,53790.011374071,46377.952999126
2021-02-22,BTC,54663.137661182,57080.43875117,51459.984593772
2021-02-21,BTC,57013.305589749,58076.602981414,55820.34579821
2021-02-20,BTC,56085.401771087,56904.160239243,55216.59462595
2021-02-19,BTC,52899.211360525,55737.871214489,51088.471383556
2021-02-18,BTC,51888.509761465,52394.703110528,51275.716264747
2021-02-17,BTC,50850.989685332,52261.579851703,49166.26009305
2021-02-16,BTC,48815.721887212,49452.610100717,47650.193796121
2021-02-15,BTC,47766.181670179,48685.040449214,46712.694570288
2021-02-14,BTC,48532.252688792,49336.089829101,47384.466560412
2021-02-13,BTC,47248.760112348,47833.567009598,46615.518939225
2021-02-12,BTC,47557.278452017,48295.725065942,47082.206956051
2021-02-11,BTC,46145.252511007,47879.805055342,44369.887463477
2021-02-10,BTC,45719.314013072,46767.064518982,44515.906367956
2021-02-09,BTC,46605.258806525,47616.865136629,45720.769893019
2021-02-08,BTC,41171.220521725,45621.470747851,38464.416530746
2021-02-07,BTC,38711.091754989,39490.861689106,37883.476819907
2021-02-06,BTC,39826.998060574,40779.354251034,38405.832806422
2021-02-05,BTC,37632.688172726,38283.938118011,36802.360611793
2021-02-04,BTC,37482.407864187,38226.677279263,36667.236123447
2021-02-03,BTC,36556.17963452,37439.061774884,35867.797336955
2021-02-02,BTC,34742.060441177,35771.122792582,33661.527791606
2021-02-01,BTC,33712.490643818,34294.382659674,32566.148851735
2021-01-31,BTC,33463.088181936,34220.219449279,32578.712350063
2021-01-30,BTC,34050.22045227,34604.981618227,33444.08558578
2021-01-29,BTC,34984.969773858,37732.412873587,32433.635687947
2021-01-28,BTC,31759.083745874,33441.720520721,30297.390581154
2021-01-27,BTC,31121.560937357,32332.790911184,29936.670076219
2021-01-26,BTC,31976.621566592,32681.739400444,31406.960013371
2021-01-25,BTC,33395.973581713,34667.048381851,32375.93205569
2021-01-24,BTC,32258.635907496,32880.854278856,31424.953151315
2021-01-23,BTC,32391.250648218,33087.486490951,31918.263200769
2021-01-22,BTC,31838.956130471,33508.251967265,29670.289009094
2021-01-21,BTC,32986.341227099,35291.242632292,30768.111330952
2021-01-20,BTC,35139.522563886,36225.895773512,34204.748821523
2021-01-19,BTC,36909.073435034,37560.088373355,36406.056959144
2021-01-18,BTC,36061.789950123,36952.921619264,35126.706266104
2021-01-17,BTC,35676.894012375,36571.659031528,34595.88301834
2021-01-16,BTC,36829.250605187,37509.313802701,35971.368827176
2021-01-15,BTC,37485.717385032,39444.38615275,35280.736062056
2021-01-14,BTC,38487.141333778,39703.051086586,37165.901075701
2021-01-13,BTC,34620.200075359,37299.045441969,32879.785447572
2021-01-12,BTC,34848.318914184,36098.338473411,33393.404227451
2021-01-11,BTC,34279.782282305,37579.138041427,31134.937656583
2021-01-10,BTC,39744.924080936,41094.411575497,36988.321996501
2021-01-09,BTC,40363.71586384,41065.393921387,39285.161259939
2021-01-08,BTC,39767.496182271,41439.479592512,37664.918315212
2021-01-07,BTC,37984.052352743,39606.158415482,36855.45271089
2021-01-06,BTC,34829.190298446,36396.635569627,33810.776227253
2021-01-05,BTC,32238.389122598,34163.089913802,30770.31455025
2021-01-04,BTC,31858.547260038,33316.129990092,30257.846072944
2021-01-03,BTC,33472.804333213,34352.669751436,32249.872615326
2021-01-02,BTC,30720.193886969,33054.642817948,29238.75384281
2021-01-01,BTC,29235.998697947,29472.789368396,28926.208534714
2020-12-31,BTC,28841.950816459,29110.760016469,28374.949589005
2020-12-30,BTC,28036.776196256,28796.686641703,27394.434492599
2020-12-29,BTC,26672.678560612,27022.669174114,26274.581672152
2020-12-28,BTC,26951.538306505,27186.148931261,26630.082106354
2020-12-27,BTC,27025.524281933,27890.761707218,26202.528231879
2020-12-26,BTC,25262.866322482,26545.306298472,24637.077592009
2020-12-25,BTC,24025.631831883,24668.491942467,23498.617956391
2020-12-24,BTC,23212.620000975,23706.470523028,22840.320601051
2020-12-23,BTC,23533.729428084,23815.541119485,23104.6268083
2020-12-22,BTC,23086.36937046,23718.122446788,22558.504610935
2020-12-21,BTC,23241.905959613,23947.65330564,22300.175501581
2020-12-20,BTC,23582.849886788,24075.11176086,23269.154121488
2020-12-19,BTC,23352.868175886,23960.500769708,22903.738327538
2020-12-18,BTC,22876.914954687,23114.02964799,22495.652785915
2020-12-17,BTC,22586.792193582,23549.335407376,21326.201190191
2020-12-16,BTC,20071.040279206,21348.608982969,19376.140891774
2020-12-15,BTC,19351.711287815,19520.757664251,19151.300661395
2020-12-14,BTC,19164.341041916,19293.420589787,19085.376624361
2020-12-13,BTC,19115.351615713,19340.888338369,18781.915739538
2020-12-12,BTC,18471.692551376,18813.707704543,18222.042943138
2020-12-11,BTC,17913.558902105,18146.42282927,17691.475262025
2020-12-10,BTC,18308.088137068,18483.053815819,18039.425744198
2020-12-09,BTC,18278.339782295,18561.359417693,17890.692100777
2020-12-08,BTC,18938.849965398,19206.640927203,18361.199731884
2020-12-07,BTC,19206.931046366,19382.507453182,18967.985053643
2020-12-06,BTC,19150.813690912,19366.72392919,18937.659912854
2020-12-05,BTC,18987.266629501,19135.39907287,18649.050959419
2020-12-04,BTC,19117.175570597,19475.729996171,18739.21840242
2020-12-03,BTC,19269.191690997,19489.860801083,18981.462952294
2020-12-02,BTC,18959.589218777,19193.223364793,18535.089799517
2020-12-01,BTC,19274.461135696,19762.868694063,18706.039456552
2020-11-30,BTC,18888.700912661,19557.207110582,18334.904312888
2020-11-29,BTC,17986.368273683,18213.851931894,17669.956828323
2020-11-28,BTC,17253.073235579,17759.550558311,16905.706375477
2020-11-27,BTC,16977.311920385,17373.445847957,16643.563224378
2020-11-26,BTC,17380.441197808,18776.527710816,16502.90442725
2020-11-25,BTC,19019.844717173,19283.204568438,18659.008876715
2020-11-24,BTC,18832.353132186,19334.719244177,18276.81924977
2020-11-23,BTC,18423.794834331,18676.588359326,18151.144984073
2020-11-22,BTC,18367.961051913,18594.859423319,17937.2632477
2020-11-21,BTC,18663.057715704,18842.15754505,18512.260000513
2020-11-20,BTC,18297.754053075,18686.255216179,17825.531183885
2020-11-19,BTC,17812.499279311,18090.877241289,17413.246715264
2020-11-18,BTC,17822.719622437,18113.41157609,17566.774261544
2020-11-17,BTC,17037.312182765,17673.780824799,16598.781511301
2020-11-16,BTC,16302.437935375,16729.1365352,15842.60350856
2020-11-15,BTC,15919.656577004,16027.709587474,15764.947401904
2020-11-14,BTC,15967.785099697,16185.987149954,15818.403006697
2020-11-13,BTC,16223.932839085,16389.477711509,16037.332160861
2020-11-12,BTC,15852.03518906,16214.72061226,15590.692627098
2020-11-11,BTC,15523.193027991,15894.931485144,15309.404953115
2020-11-10,BTC,15286.793430121,15377.019712697,15159.957719649
2020-11-09,BTC,15343.763690285,15577.955904742,14962.744488822
2020-11-08,BTC,15170.159190378,15512.523689378,14870.909875283
2020-11-07,BTC,15341.435945312,15641.886915701,14598.205279722
2020-11-06,BTC,15565.658794799,15808.044894958,15418.873195272
2020-11-05,BTC,14651.609331141,15530.77344153,14068.086789136
2020-11-04,BTC,13834.113427874,14126.182513968,13567.211949254
2020-11-03,BTC,13522.309931526,13882.390730135,13314.093590732
2020-11-02,BTC,13487.128763422,13722.412968605,13272.992567431
2020-11-01,BTC,13655.332409047,13734.10528016,13560.412524828
2020-10-31,BTC,13652.600060129,13826.948956834,13387.132240167
2020-10-30,BTC,13376.342247779,13548.736320957,13167.424506601
2020-10-29,BTC,13274.96198308,13514.390161326,13051.225572598
2020-10-28,BTC,13386.719049986,13726.156144444,13041.266276967
2020-10-27,BTC,13306.77512157,13636.219026771,13043.244576671
2020-10-26,BTC,13039.74669073,13159.384683748,12886.850317798
2020-10-25,BTC,13048.708592625,13290.27543466,12953.38846543
2020-10-24,BTC,13003.97602476,13115.538069692,12897.042497803
2020-10-23,BTC,12912.735220926,12983.76512629,12773.162148732
2020-10-22,BTC,12907.37760868,13089.772738601,12758.844044868
2020-10-21,BTC,12451.735894582,13003.903708139,11943.419837329
2020-10-20,BTC,11837.51816529,11980.82887737,11705.475636771
2020-10-19,BTC,11567.956413442,11761.905305183,11435.077155706
2020-10-18,BTC,11418.546549663,11464.157720721,11362.069088523
2020-10-17,BTC,11325.404123473,11350.775354259,11255.304664527
2020-10-16,BTC,11347.241916878,11525.969494114,11270.703842246
2020-10-15,BTC,11414.904337291,11547.795169805,11327.681596759
2020-10-14,BTC,11406.662064978,11462.460279003,11337.937000587
2020-10-13,BTC,11455.370657446,11523.698996592,11370.631223043
2020-10-12,BTC,11446.649650956,11685.130992863,11263.800897967
2020-10-11,BTC,11364.900428955,11415.760732674,11305.781608461
2020-10-10,BTC,11331.005327855,11394.644559339,11079.148757733
2020-10-09,BTC,10988.221572824,11079.733617011,10871.237436037
2020-10-08,BTC,10739.330970217,10919.936275582,10573.929317762
2020-10-07,BTC,10623.215129204,10667.898723944,10586.375472775
2020-10-06,BTC,10706.033435094,10781.793308376,10568.594345161
2020-10-05,BTC,10713.920393088,10764.717975631,10659.32671047
2020-10-04,BTC,10616.209900485,10686.854610538,10550.911059318
2020-10-03,BTC,10557.413411469,10594.721070513,10532.77012297
2020-10-02,BTC,10567.940952947,10682.715765177,10518.978215514
2020-10-01,BTC,10782.232751676,10897.778405519,10558.8133331
2020-09-30,BTC,10764.09580763,10857.310397656,10716.860524233
2020-09-29,BTC,10771.799960214,10851.620840164,10715.768089127
2020-09-28,BTC,10912.34474189,10953.757120414,10820.635820709
2020-09-27,BTC,10746.446027583,10818.772166591,10663.66632255
2020-09-26,BTC,10752.960479921,10785.171040133,10722.933415967
2020-09-25,BTC,10696.475676705,10764.989417509,10643.288417808
2020-09-24,BTC,10468.421523345,10705.657245332,10344.292045927
2020-09-23,BTC,10484.431273736,10564.700525077,10326.023337582
2020-09-22,BTC,10539.066309913,10577.600832725,10493.837484996
2020-09-21,BTC,10781.51037664,11032.769824752,10535.435857895
2020-09-20,BTC,10974.539946347,11117.520889621,10887.088883688
2020-09-19,BTC,11056.102922814,11147.432687574,10952.193644574
2020-09-18,BTC,11007.663730837,11128.8659803,10760.558647627
2020-09-17,BTC,10967.300846164,11076.827678609,10850.970096691
2020-09-16,BTC,10950.151390903,11087.715297996,10767.091575086
2020-09-15,BTC,10797.57133125,10910.9269642,10668.537257731
2020-09-14,BTC,10559.279534064,10809.743803222,10356.04668529
2020-09-13,BTC,10447.225826558,10573.52545803,10356.242030983
2020-09-12,BTC,10439.540596538,10503.148439442,10368.781522705
2020-09-11,BTC,10341.374782733,10419.554749345,10248.97031586
2020-09-10,BTC,10406.771101557,10573.396342385,10295.355182523
2020-09-09,BTC,10227.272987643,10368.147044984,10083.932942605
2020-09-08,BTC,10231.719482828,10430.245857096,10008.925963065
2020-09-07,BTC,10211.791513273,10373.933303488,10067.842033
2020-09-06,BTC,10255.200474409,10335.134894606,10156.504115389
2020-09-05,BTC,10378.145960197,10598.608242473,10189.82331958
2020-09-04,BTC,10514.161700423,10614.796008018,10331.18115515
2020-09-03,BTC,11137.86827271,11526.092154874,10713.158424468
2020-09-02,BTC,11596.335963081,11881.833969775,11340.725262986
2020-09-01,BTC,11937.756614519,12137.88457235,11747.070781005
2020-08-31,BTC,11742.731991283,11900.403225176,11659.864262613
2020-08-30,BTC,11766.608977761,12041.77337164,11600.833585803
2020-08-29,BTC,11578.463631042,11899.679473289,11397.413062668
2020-08-28,BTC,11495.867815287,11594.956218959,11404.509860173
2020-08-27,BTC,11418.402688914,11564.707720489,11248.046562777
2020-08-26,BTC,11471.528163936,11580.8551234,11350.850376057
2020-08-25,BTC,11559.815280639,11734.262348,11331.329906092
2020-08-24,BTC,11674.611837767,11802.21804801,11534.140614574
2020-08-23,BTC,11613.320665279,11693.977671172,11523.396611332
2020-08-22,BTC,11603.240679765,11984.472098872,11357.827091815
2020-08-21,BTC,11678.195940191,11864.58282907,11458.68713813
2020-08-20,BTC,11774.340626817,11867.539040583,11668.753095948
2020-08-19,BTC,11919.766337232,12118.407084653,11681.718561292
2020-08-18,BTC,12222.132136875,12342.801156423,12060.3050361
2020-08-17,BTC,11966.794551015,12300.916422527,11757.433225717
2020-08-16,BTC,11854.437307019,11989.569250388,11683.525942505
2020-08-15,BTC,11826.428626498,12057.35538825,11653.415999028
2020-08-14,BTC,11926.725125739,12074.218054816,11769.715948912
2020-08-13,BTC,11589.387545007,11894.751929642,11201.636840445
2020-08-12,BTC,11549.607771047,11770.975611688,11255.226537633
2020-08-11,BTC,11839.430953565,12086.699468876,11326.263796848
2020-08-10,BTC,11980.915483075,12185.33736187,11745.149403382
2020-08-09,BTC,11735.999655721,11792.065674907,11633.508608358
2020-08-08,BTC,11651.986722557,11776.838003418,11471.313139359
2020-08-07,BTC,11715.123729123,11852.867330365,11541.351333304
2020-08-06,BTC,11709.499212365,11844.707587381,11520.319933285
2020-08-05,BTC,11428.303620579,11601.799081694,11080.831724767
2020-08-04,BTC,11137.308879478,11230.482743022,11035.366560332
2020-08-03,BTC,11054.702116996,11212.880805977,10795.67687664
2020-08-02,BTC,11225.701577522,11895.66705535,10940.275370675
2020-08-01,BTC,11879.991152216,12495.491082811,11505.456703119
2020-07-31,BTC,11411.612172992,11921.958967306,11004.888091613
2020-07-30,BTC,11081.429301114,11376.719274352,10972.504217627
2020-07-29,BTC,11080.488420016,11255.451880591,10890.39092728
2020-07-28,BTC,10977.090699356,11149.388496621,10712.546802989
2020-07-27,BTC,10379.755812546,11174.851250372,9973.194442643
2020-07-26,BTC,9850.062075747,10022.023835137,9665.666907038
2020-07-25,BTC,9626.382047512,9943.322491849,9537.522524038
2020-07-24,BTC,9557.38124245,9628.744878044,9484.691260715
2020-07-23,BTC,9562.239963704,9654.207250115,9470.94338805
2020-07-22,BTC,9354.13142474,9541.80284506,9299.4858679
2020-07-21,BTC,9309.551467818,9432.66217958,9124.368285809
2020-07-20,BTC,9141.225563359,9211.321137998,9107.928252265
2020-07-19,BTC,9117.949720046,9226.195924158,9050.56970186
2020-07-18,BTC,9159.072292626,9222.69127505,9115.586726862
2020-07-17,BTC,9160.496735391,9210.973029746,9089.174896005
2020-07-16,BTC,9147.311772695,9252.27350793,9054.144864827
2020-07-15,BTC,9199.747992574,9259.39034794,9158.570244185
2020-07-14,BTC,9195.620448937,9259.489191843,9152.791818229
2020-07-13,BTC,9260.721136264,9343.564044621,9191.740542015
2020-07-12,BTC,9260.42725866,9302.156328087,9206.761858645
2020-07-11,BTC,9238.670089145,9286.557351977,9184.361557595
2020-07-10,BTC,9193.653451222,9251.477436517,9140.1529417
2020-07-09,BTC,9322.938173047,9428.9610301,9184.598922223
2020-07-08,BTC,9358.613676662,9459.839647385,9283.23695512
2020-07-07,BTC,9295.396866937,9416.578974101,9188.287076574
2020-07-06,BTC,9259.346512442,9385.247953462,9075.902670598
2020-07-05,BTC,9089.331767615,9166.602506064,9031.237038024
2020-07-04,BTC,9109.605904174,9192.609252187,9066.448521752
2020-07-03,BTC,9131.604119021,9226.631224913,9048.177912607
2020-07-02,BTC,9210.015073926,9289.597478839,9089.60836301
2020-07-01,BTC,9225.745102842,9302.919053393,9151.624760284
2020-06-30,BTC,9182.273992493,9252.358690949,9128.198948276
2020-06-29,BTC,9145.900392619,9222.234168736,9073.718088641
2020-06-28,BTC,9138.52296502,9223.104392434,9067.810679952
2020-06-27,BTC,9194.169159531,9245.068043414,9092.888913049
2020-06-26,BTC,9231.295057971,9305.270168287,9177.670783118
2020-06-25,BTC,9263.622138067,9353.042270685,9180.772289758
2020-06-24,BTC,9534.211308115,9765.730353126,9341.474489821
2020-06-23,BTC,9812.401817766,9923.597527923,9722.344376953
2020-06-22,BTC,9686.481734133,9923.861296133,9467.263876485
2020-06-21,BTC,9408.104656585,9521.087626424,9308.322418013
2020-06-20,BTC,9344.129065707,9398.867597658,9244.267650331
2020-06-19,BTC,9336.602943008,9422.220483634,9254.784693433
2020-06-18,BTC,9414.764020355,9448.747265529,9377.022122438
2020-06-17,BTC,9473.81064549,9530.160881695,9381.627732032
2020-06-16,BTC,9479.209802274,9566.166479317,9315.855269952
2020-06-15,BTC,9242.571821802,9426.603911216,9019.867982274
2020-06-14,BTC,9437.867875044,9498.605744663,9368.918888375
2020-06-13,BTC,9480.693517813,9519.082413964,9428.55581234
2020-06-12,BTC,9458.280069407,9542.390869164,9336.748864401
2020-06-11,BTC,9686.452948495,9973.565271712,9276.319157445
2020-06-10,BTC,9804.985562054,9908.364802858,9763.081942469
2020-06-09,BTC,9733.765789647,9819.317710242,9668.51384082
2020-06-08,BTC,9749.821653614,9781.537583187,9688.078861911
2020-06-07,BTC,9633.37471331,9796.225373578,9450.205932003
2020-06-06,BTC,9666.413802445,9758.937082683,9611.763260873
2020-06-05,BTC,9781.6494161,9852.232059367,9700.276986249
2020-06-04,BTC,9705.127979603,9801.855827124,9575.335514999
2020-06-03,BTC,9590.270376281,9633.023877656,9533.283842084
2020-06-02,BTC,9875.047583554,10158.763216774,9475.089203409
2020-06-01,BTC,9547.34870061,9903.395629207,9437.813263457
2020-05-31,BTC,9535.112754951,9683.843499708,9416.961294194
2020-05-30,BTC,9522.312420365,9628.649241432,9414.684884117
2020-05-29,BTC,9518.88845372,9638.97201007,9449.066148137
2020-05-28,BTC,9353.063451046,9594.877314877,9150.850011055
2020-05-27,BTC,9059.663300276,9235.293420147,8901.221235729
2020-05-26,BTC,8908.335745975,8970.458614303,8836.995783935
2020-05-25,BTC,8846.807120308,8989.99677532,8760.084246148
2020-05-24,BTC,9156.113510572,9296.394728519,8962.984189393
2020-05-23,BTC,9253.27768428,9379.516246987,9176.907036274
2020-05-22,BTC,9175.269820086,9271.417960584,9073.817799573
2020-05-21,BTC,9333.396590781,9589.32299134,8989.627611553
2020-05-20,BTC,9679.354366357,9782.534976305,9482.684697492
2020-05-19,BTC,9685.054216741,9776.404420851,9567.983623812
2020-05-18,BTC,9817.538064513,10057.756237568,9694.543669134
2020-05-17,BTC,9625.892968794,9839.817463016,9398.1202527
2020-05-16,BTC,9452.747653216,9539.770909831,9328.968600821
2020-05-15,BTC,9529.309383725,9739.34640904,9312.907435102
2020-05-14,BTC,9521.037489667,9739.852181731,9276.40695811
2020-05-13,BTC,8987.864108127,9323.864924548,8788.113769367
2020-05-12,BTC,8808.183022135,8889.633814527,8726.273425458
2020-05-11,BTC,8756.794051268,9019.335045845,8579.159118564
2020-05-10,BTC,8683.432535188,9061.749962088,8489.552973522
2020-05-09,BTC,9754.528471026,9917.590640469,9619.977761849
2020-05-08,BTC,9927.062212546,10022.870419721,9805.349159956
2020-05-07,BTC,9481.467791029,9910.160767051,9131.954249599
2020-05-06,BTC,9228.287918396,9393.178446417,9050.526780027
2020-05-05,BTC,8996.420313415,9111.859463364,8914.748519073
